"V1","V2","V3","V4","V5","V6","V7","V8","V9","V10","V11","V12","V13","V14","V15","V16","V17","V18","V19","V20","V21","V22","V23","V24","V25","V26","V27","V28","V29","V30","V31","V32","V33","V34","V35","V36","V37","V38","V39","V40","V41","V42","V43","V44","V45","V46","V47","V48","V49","V50","V51","V52","V53","V54","V55","V56","V57","V58","V59","V60","V61","V62","V63","V64","V65","V66","V67","V68","V69","V70"
0.204489998595654,0.181240751301751,0.158515612482345,0.136737798994772,0.116227205555267,0.0971883333511488,0.0797788668062168,0.064067415598237,0.0500757615520984,0.0377725098423833,0.0271052894991991,0.0179867558565396,0.0103136045855397,0.00396804714612172,-0.00117228705308564,-0.00523413553865999,-0.00834323612478072,-0.0106222311868999,-0.0121864057272862,-0.0131467995290364,-0.0136039816877719,-0.0136507342452532,-0.01336821541903,-0.0128320374597805,-0.0121060183461423,-0.0112464005852026,-0.0102991445688161,-0.00930565742122203,-0.00829811876340502,-0.00730290561411217,-0.00634100030933229,-0.00542719645318036,-0.00457375595184877,-0.00378797879428138,-0.00307448116048749,-0.00243472289639538,-0.00186888213972538,-0.00137490490740003,-0.000949635988789175,-0.00058879310809823,-0.00028768873867565,-4.10661431119656e-05,0.000156496928239157,0.000310465293481419,0.000426156096894435,0.000508762233082975,0.00056312190157127,0.000593771020365862,0.000604760852987341,0.000599902605062624,0.000582477629205698,0.000555413058156597,0.000521139084605745,0.000481861911680608,0.000439323087043345,0.000394962869290245,0.000349936815592011,0.00030506486671003,0.000261027372695889,0.000218227429753366,0.000176914772692842,0.000137157427843022,9.89502472361844e-05,6.21618160071285e-05,2.66023142995464e-05,-7.96601934550401e-06,-4.17922013509295e-05,-7.51240883722356e-05,-0.000108183846759787,-0.000141126785163815
0.181240751301751,0.163197795350725,0.145126044344524,0.127362561183656,0.110263899733749,0.0940789279459587,0.0790121555302402,0.0651822388801453,0.0526614228591657,0.0414676619857688,0.0315969486832784,0.0230072121718967,0.0156377658754118,0.0094090931222527,0.00423498159035264,2.006089858818e-05,-0.00333343909111629,-0.00592357716061528,-0.00784532981982302,-0.00919130477634375,-0.0100475386951956,-0.0104946097158875,-0.0106044653572447,-0.0104448079719868,-0.0100740317028562,-0.00954436334896427,-0.00889945043345281,-0.00817908810060637,-0.00741512161185102,-0.00663428830440663,-0.00585851379854039,-0.00510409325850487,-0.00438498266483091,-0.00371049096347595,-0.0030873519498008,-0.00251919927855908,-0.00200838373481474,-0.00155495994010281,-0.00115779867394999,-0.000814485639454092,-0.000522119603276126,-0.000277033119058747,-7.52453114294102e-05,8.74186826087577e-05,0.000215184327622786,0.000312241929978763,0.00038261561139106,0.000430142995594452,0.000458329399618657,0.000470507361058826,0.000469610723655917,0.000458295448633413,0.000438815519930192,0.000413240743590657,0.000383250951178046,0.00035026717157655,0.000315462536595576,0.000279712095752009,0.000243765037891314,0.000208117323276429,0.000173121594881244,0.000138956671803857,0.000105729923485658,7.34217000437405e-05,4.19499310502159e-05,1.11742905496821e-05,-1.9063022771665e-05,-4.89347653597506e-05,-7.86017197783708e-05,-0.000108179896094373
0.158515612482345,0.145126044344524,0.131611400006142,0.117879183075185,0.104208425824031,0.0908922559157719,0.0781818152302023,0.066245767112262,0.0552067966529243,0.0451322261025562,0.0360664486775721,0.028012731728804,0.0209530840813347,0.0148463506677248,0.0096425710335133,0.00527783959943968,0.00168245114213694,-0.00121697437509229,-0.00349501520758682,-0.00522576040232937,-0.00648063552715918,-0.0073279421069705,-0.00783035319231122,-0.00804760174967737,-0.00803260773431509,-0.00783353777571996,-0.00749169008478903,-0.00704521493906294,-0.00652559757784961,-0.00595991454952671,-0.0053710178934952,-0.00477669234815765,-0.00419257798245265,-0.00362998664047139,-0.00309776580513297,-0.00260172152666896,-0.00214637684792241,-0.00173389639547413,-0.00136517922835208,-0.00103968223601908,-0.000756294018877036,-0.000512940439078645,-0.000307086162007307,-0.000135850497487585,3.89621699382546e-06,0.000115337666316112,0.00020168012296035,0.000266059373208062,0.000311431614150999,0.000340647725972693,0.000356291462405635,0.000360745306234219,0.000356085111801263,0.000344242541583967,0.000326834327164576,0.000305261119625173,0.000280712700514755,0.000254118566978245,0.000226296195450455,0.000197834077746282,0.000169187553836501,0.000140646168648065,0.000112429800336121,8.46306562348195e-05,5.72745546823148e-05,3.03187840274091e-05,3.69694656298094e-06,-2.26884245417829e-05,-4.89365576152126e-05,-7.51240445747714e-05
0.136737798994772,0.127362561183656,0.117879183075185,0.10810788580963,0.0979064610472823,0.0874976962303833,0.0771791964180091,0.0671693651896208,0.0576412334236574,0.0487115178513413,0.0404730781270048,0.032974669046094,0.0262411799381322,0.020270037730206,0.0150477662205783,0.0105421707716199,0.00671185817203064,0.00350837060525443,0.000877759495220022,-0.00123532161082331,-0.00288748239332642,-0.00413455773072887,-0.00502977864415069,-0.00562475199018116,-0.00596679011609017,-0.006099881201182,-0.00606287660301639,-0.00589219342399138,-0.00561888741390866,-0.00527031681211553,-0.00487021372167477,-0.00443781900859724,-0.00399042869723744,-0.00354133986793251,-0.00310150174918051,-0.00267888763705289,-0.00228019046262379,-0.00190968738617001,-0.0015703107379931,-0.00126339617366334,-0.000989630660307202,-0.000748543315581114,-0.000539054786511787,-0.000359589227153806,-0.000208123309262439,-8.24903135865172e-05,1.9688435956678e-05,0.000100837690750985,0.00016335624227399,0.00020960548670529,0.000241812290287407,0.00026207955822727,0.000272299906923373,0.000274262196254712,0.000269516338095719,0.000259439500477788,0.000245235593140299,0.000227886732735285,0.000208277145296329,0.000187086895416499,0.000164873384642648,0.000142036635096895,0.000118908942098338,9.56945531100832e-05,7.25274884489014e-05,4.94630773435702e-05,2.65267823509975e-05,3.69689510871381e-06,-1.90638328041707e-05,-4.17922742856707e-05
0.116227205555267,0.110263899733749,0.104208425824031,0.0979064610472823,0.0910886489944611,0.0837066853919983,0.0758459323048282,0.0678224420930514,0.059860347597466,0.052122521480889,0.0447536228316215,0.0378470366956833,0.0314708233321673,0.0256614286111124,0.0204422098457261,0.0158131403849167,0.0117615827078839,0.00826444171789801,0.00528882103272729,0.002798526495348,0.000752141963522308,-0.000893348985125883,-0.0021814233775257,-0.00315526936262931,-0.00385634110528816,-0.0043242252920793,-0.00459514135832884,-0.00470360513247339,-0.00468010957960189,-0.00455218353531183,-0.00434434889328526,-0.00407723658019728,-0.00376974251490851,-0.00343711274468569,-0.00309237285755948,-0.00274565101594821,-0.00240580301067195,-0.00207922100552434,-0.00177087790552817,-0.00148400059535252,-0.00122108879896852,-0.000983292224471325,-0.000771005953937579,-0.000583978054706135,-0.0004213105593085,-0.000281872479956971,-0.000164130568256004,-6.63880127544039e-05,1.31812487649953e-05,7.64346117911387e-05,0.000125229369656055,0.000161377421637728,0.000186578516495302,0.000202469901191077,0.000210527580202352,0.000212099284974665,0.000208398181286008,0.000200455424847667,0.000189218953536335,0.000175458454246158,0.000159832050433376,0.000142849637078223,0.000124955622641275,0.000106466519689893,8.762503079343e-05,6.85852361975997e-05,4.94652338141395e-05,3.03198906195877e-05,1.11746874641613e-05,-7.9669952259935e-06
0.0971883333511488,0.0940789279459587,0.0908922559157719,0.0874976962303833,0.0837066853919983,0.0792543131416658,0.0739561776396309,0.0680153282591078,0.0617044859512842,0.0552389348459428,0.0488086644431389,0.0425541261116588,0.0365869869237665,0.0309831368899165,0.0258034649396739,0.0210807275793411,0.0168317149802691,0.0130593709956802,0.00975250789229117,0.00689472577476026,0.00446039938514288,0.00241989123559135,0.000739979791368559,-0.000613632031682943,-0.00167613192821736,-0.00248233941341363,-0.00306553574830937,-0.00345805595874861,-0.00368960594869103,-0.00378769645164283,-0.00377748401258545,-0.0036808738252232,-0.00351826227984328,-0.00330677753107578,-0.00306147275257125,-0.0027946040179433,-0.00251717206649158,-0.00223768237981548,-0.0019631551480136,-0.00169872435140071,-0.00144872182022513,-0.00121594272513953,-0.00100228375604545,-0.000808845527194645,-0.000635884544527115,-0.000483334471469986,-0.000350535351883128,-0.00023654493558001,-0.000140134262423285,-5.99731339822819e-05,5.4057033539703e-06,5.75045878775008e-05,9.78146206810503e-05,0.000127806929527297,0.000148871808144254,0.00016231754617663,0.000169358284992656,0.000171068016995182,0.000168453068280558,0.000162369194652546,0.000153572692157872,0.000142681999766792,0.000130252812810337,0.00011671397853426,0.000102417393824737,8.7616819023929e-05,7.25240435017155e-05,5.72716810385861e-05,4.19490372757128e-05,2.66005394972972e-05
0.0797788668062168,0.0790121555302402,0.0781818152302023,0.0771791964180091,0.0758459323048282,0.0739561776396309,0.0712534751518109,0.0675310123568119,0.0629962284416103,0.0579133034822948,0.0525205888477347,0.047004803649113,0.0415216714576671,0.03618725850931,0.0311006844582946,0.0263283744094293,0.0219174506667264,0.0178978161116828,0.0142808963046871,0.0110709723298234,0.00825904367484744,0.00582963794681951,0.00376049738559197,0.00202688531601032,0.000600463078683118,-0.000548297494759362,-0.00144929750376626,-0.00213228632907143,-0.00262585525742249,-0.00295721949600924,-0.00315194030984923,-0.00323302326782702,-0.00322221476954992,-0.0031384214143135,-0.00299864647979876,-0.00281722826805435,-0.00260728003447332,-0.00237941209517305,-0.00214269597583749,-0.00190419066517799,-0.0016700833470219,-0.0014448465531421,-0.00123191427160795,-0.00103377792559329,-0.000851888023596705,-0.000687282380992893,-0.000540212826714056,-0.000410528673857241,-0.000297632207391932,-0.00020075303765187,-0.000118842938415991,-5.07355375281271e-05,4.82900717094115e-06,4.91348451477747e-05,8.34694464073266e-05,0.000109087058467996,0.000127190619347537,0.000138887716020937,0.000145235068667685,0.000147169032293332,0.000145540047898248,0.000141072835976897,0.000134432847526708,0.000126161047606038,0.00011671897014407,0.000106461138547375,9.56943204122082e-05,8.46303780303007e-05,7.34238714220569e-05,6.21613249742218e-05
0.064067415598237,0.0651822388801453,0.066245767112262,0.0671693651896208,0.0678224420930514,0.0680153282591078,0.0675310123568119,0.0660936796599082,0.0635009351300945,0.0599509872674908,0.0557303202585944,0.0510719990813793,0.0461762456298793,0.0412000650981059,0.0362816817173518,0.031522248892751,0.0270003488339359,0.0227740098368367,0.0188784361509924,0.0153397400806485,0.0121666408868861,0.00935887113808778,0.00690608249840747,0.00479399626411961,0.00300191120566467,0.00150630413159909,0.00028126112499126,-0.000699823048755364,-0.00146396840297773,-0.00203770468397815,-0.00244667152176127,-0.0027147241642799,-0.00286474015828262,-0.00291724961477463,-0.00289108707896239,-0.00280259845970083,-0.00266695345193242,-0.00249684495367716,-0.00230339151715927,-0.00209559300398247,-0.00188151568216301,-0.001667346249759,-0.00145809883184136,-0.00125770284312274,-0.00106885272655156,-0.000893740780283902,-0.000733580467184627,-0.000589060996772295,-0.000460260982268484,-0.000347013114648402,-0.000248727042209317,-0.000164607968606726,-9.36580796637413e-05,-3.4808717735326e-05,1.31011236093354e-05,5.12513162922055e-05,8.08164681786652e-05,0.000102924558265778,0.000118671176782048,0.000129065167670195,0.000135044974845626,0.000137437889216156,0.000137016420992972,0.000134432799266251,0.000130258283874057,0.000124949196740242,0.000118908634919427,0.00011242944053299,0.000105733125935263,9.89495885599672e-05
0.0500757615520984,0.0526614228591657,0.0552067966529243,0.0576412334236574,0.059860347597466,0.0617044859512842,0.0629962284416103,0.0635009351300945,0.0628995120354467,0.0611232115112458,0.05824777350712,0.0546008994431336,0.0504286299258447,0.0459264543300555,0.0412758982166883,0.036612963227436,0.032049016220864,0.0276716104390489,0.0235411332406827,0.0197069543354546,0.0161968691639898,0.0130271178248656,0.0102004577756212,0.0077142083631902,0.00555631679589832,0.00371018534946741,0.00215467697084176,0.0008670602804689,-0.000177510839783929,-0.00100436217230219,-0.00163877384843661,-0.0021051097154924,-0.00242707836779328,-0.00262661606164863,-0.00272421837763851,-0.00273812680225118,-0.00268548000336642,-0.00258101117002371,-0.00243786785166441,-0.00226700042634438,-0.00207837480220659,-0.00187993090984299,-0.00167831096648928,-0.00147893700620622,-0.00128580688058123,-0.00110232791490674,-0.000930736258830083,-0.000772620768467499,-0.000628792758866373,-0.000499742386164513,-0.000385386496718604,-0.000285347371181122,-0.000198928892723348,-0.000125314820522478,-6.35015377747945e-05,-1.24103546748977e-05,2.90822220363847e-05,6.21067467020608e-05,8.77820019244415e-05,0.000107178016929587,0.0001213124799202,0.000131109664413732,0.000137444885046844,0.000141079824606799,0.000142694931087473,0.000142849103287857,0.000142043002038578,0.000140652284903639,0.000138967291441993,0.000137162742562684
0.0377725098423833,0.0414676619857688,0.0451322261025562,0.0487115178513413,0.052122521480889,0.0552389348459428,0.0579133034822948,0.0599509872674908,0.0611232115112458,0.0611482338873199,0.0598336074583216,0.0573913082897925,0.0541112511513133,0.0502344642863963,0.0459801853970625,0.0415227008383724,0.0370076035824715,0.0325535305238399,0.0282477211570274,0.0241644174448094,0.0203521186151641,0.016845135605736,0.0136607847813038,0.0108093779500809,0.00828876086327609,0.00609040818576249,0.00419895409095192,0.00259646469945256,0.00126103975212753,0.000169227590233249,-0.000703320610349272,-0.00138102482922345,-0.00188802317618453,-0.00224736002910067,-0.00248095360070824,-0.00260877689023204,-0.00264980507420258,-0.0026207378576977,-0.00253670997469574,-0.00241061754976275,-0.00225433614659171,-0.00207759456092495,-0.00188871152663704,-0.00169466009532084,-0.00150080798108838,-0.00131184618562299,-0.00113110458158183,-0.000961142096946952,-0.000803570231757537,-0.000659602150855638,-0.000529722139027766,-0.000414025580135744,-0.000312167453605349,-0.00022363017080453,-0.000147606711222694,-8.31538662835677e-05,-2.92287220095341e-05,1.52784306218432e-05,5.1488770669742e-05,8.05181212931639e-05,0.000103451204455867,0.000121301071274726,0.000135039334339409,0.000145533774393165,0.000153572345428636,0.000159816628431563,0.000164865596915308,0.000169179394265826,0.000173119034211979,0.00017690556525936
0.0271052894991991,0.0315969486832784,0.0360664486775721,0.0404730781270048,0.0447536228316215,0.0488086644431389,0.0525205888477347,0.0557303202585944,0.05824777350712,0.0598336074583216,0.0602246895601035,0.0592207844990572,0.0570423769929933,0.053973317588127,0.0502744708891072,0.0461586149263665,0.0418070902238664,0.0373713265100845,0.0329672338604886,0.0286958000517676,0.0246280846989942,0.0208182861129411,0.017299989534017,0.0140981471856905,0.0112219977770374,0.00867246830100857,0.00644117165315188,0.00451609821424566,0.0028792449360226,0.0015098663752073,0.000385261046939679,-0.000518473378559551,-0.00122539189231288,-0.00175925934973044,-0.00214310163819051,-0.00239839969708247,-0.00254578072458678,-0.00260379963477304,-0.00258950734771468,-0.00251772204478651,-0.00240222431581519,-0.00225456074457494,-0.00208477273057207,-0.00190144426672373,-0.00171138470290259,-0.00152064405357135,-0.00133372599777644,-0.00115423996607064,-0.000984675887288477,-0.000827046421208129,-0.000682474469076544,-0.000551595212219382,-0.000434474130309185,-0.000330948158334517,-0.000240454763739994,-0.000162228447258833,-9.53434749839556e-05,-3.87404680130258e-05,8.67777913040329e-06,4.80529674760487e-05,8.05207741456167e-05,0.000107171827020286,0.000129064919642048,0.000147168716790366,0.000162375572188413,0.000175448951200597,0.000187086197273753,0.000197833289764449,0.000208123615713054,0.000218226036783929
0.0179867558565396,0.0230072121718967,0.028012731728804,0.032974669046094,0.0378470366956833,0.0425541261116588,0.047004803649113,0.0510719990813793,0.0546008994431336,0.0573913082897925,0.0592207844990572,0.059818067947502,0.0589902067453629,0.0569497828183622,0.0539999166098605,0.0503929359192529,0.04634740381322,0.042049286870734,0.0376451209081064,0.0332646523188878,0.0290035676032377,0.0249379954397753,0.0211197427706182,0.0175902975828661,0.014372033023909,0.0114769496879454,0.00890507372577935,0.00665166559673833,0.00470376933125696,0.00304436003937904,0.00165326479325085,0.000507814908073393,-0.000415317142908386,-0.00114011984156827,-0.00169031665533776,-0.00208859650517462,-0.00235698609036639,-0.00251573264848086,-0.00258369039743597,-0.0025775461730355,-0.00251295639314726,-0.00240329954132177,-0.00226037664764716,-0.00209443832326182,-0.00191380822515748,-0.00172597355123895,-0.00153669820571486,-0.00135073049037414,-0.00117152648930545,-0.0010019848393672,-0.000843948831400388,-0.000698670784883921,-0.000566696428736018,-0.000448283210050378,-0.000343170376696637,-0.000250821120405852,-0.000170471527270001,-0.000101149050064401,-4.18133605517616e-05,8.67772999320111e-06,5.14899870894107e-05,8.77765627560033e-05,0.00011867088442051,0.000145234699392557,0.000168459569854162,0.000189208591299167,0.000208276342422465,0.000226295285281257,0.000243772431465455,0.000261025739450257
0.0103136045855397,0.0156377658754118,0.0209530840813347,0.0262411799381322,0.0314708233321673,0.0365869869237665,0.0415216714576671,0.0461762456298793,0.0504286299258447,0.0541112511513133,0.0570423769929933,0.0589902067453629,0.0596420284414568,0.0589388446874582,0.0569680420051358,0.0540707064001853,0.0505038561390419,0.0464894216081351,0.0422074431376517,0.0378176565165431,0.0334428989217704,0.0291834718203673,0.0251115651307674,0.021287345930737,0.0177483000950456,0.0145193639980036,0.0116106439809796,0.00902624242117847,0.00675960962388745,0.00479865015688573,0.00312677950706647,0.00172343498471796,0.000566806804654088,-0.000366697049586802,-0.00110097880549828,-0.00165954635441721,-0.00206549318376634,-0.00234053346112146,-0.00250515988499594,-0.00257783611137435,-0.00257603251321727,-0.00251495198706463,-0.00240817707487852,-0.00226767139559047,-0.00210334248786659,-0.00192419219020171,-0.00173733474854992,-0.00154875153101072,-0.00136296053265111,-0.00118384167254752,-0.00101405034903876,-0.00085554364277856,-0.000709427595884504,-0.00057645637696578,-0.000456738045289403,-0.00035002467515039,-0.000255767401423408,-0.00017312465418673,-0.000101153068830489,-3.87415075890997e-05,1.52795582578496e-05,6.21062573645841e-05,0.000102930049847281,0.000138894805957684,0.000171083494750964,0.000200454681988367,0.000227897444833264,0.00025413035041096,0.000279734583526162,0.000305078123278351
0.00396804714612172,0.0094090931222527,0.0148463506677248,0.020270037730206,0.0256614286111124,0.0309831368899165,0.03618725850931,0.0412000650981059,0.0459264543300555,0.0502344642863963,0.053973317588127,0.0569497828183622,0.0589388446874582,0.0596647195909698,0.0589422522354352,0.0569918489774211,0.0541101358936338,0.0505570114047735,0.0465462271403148,0.0422713270326148,0.0378840211207175,0.0335111354042455,0.0292476234084354,0.0251746217930709,0.0213469421606386,0.0178045471365716,0.0145695196836091,0.0116566055894533,0.00906723986610565,0.00679567413051925,0.0048301679240001,0.00315331286333347,0.00174577341832639,0.000585118455148635,-0.000352084511331149,-0.00108966411798208,-0.00165134811309997,-0.00206001156756534,-0.00233755198652818,-0.00250406453884563,-0.00257872486566831,-0.00257851905939099,-0.00251880723881202,-0.00241329378018652,-0.0022735289519806,-0.00211009909764896,-0.00193155728987423,-0.001745213572245,-0.00155674839437348,-0.00137112435060322,-0.00119190883595899,-0.0010218603649047,-0.000862735088439058,-0.000715870009629412,-0.00058181893154141,-0.000460692633424772,-0.000352219751259383,-0.000255742316108839,-0.000170462096069067,-9.53376932558169e-05,-2.92286282897115e-05,2.90791368224395e-05,8.08134293015098e-05,0.000127185173257206,0.00016935744152055,0.000208377426018978,0.000245223645494045,0.000280698796643696,0.000315457622898854,0.000349918398417246
-0.00117228705308564,0.00423498159035264,0.0096425710335133,0.0150477662205783,0.0204422098457261,0.0258034649396739,0.0311006844582946,0.0362816817173518,0.0412758982166883,0.0459801853970625,0.0502744708891072,0.0539999166098605,0.0569680420051358,0.0589422522354352,0.059663128781783,0.0589347113562816,0.0569797616415298,0.0540970505472162,0.0505366660592597,0.0465270971648921,0.0422515431835768,0.037865803481259,0.0334900764952817,0.0292289729398896,0.0251570325666896,0.0213315526520071,0.0177887162998326,0.0145559406905148,0.0116444463977977,0.00905646322954237,0.00678655284991407,0.00482169369141165,0.00314615594466732,0.00173958753217666,0.000579813445002855,-0.000356698873570281,-0.00109376987087104,-0.00165504019470048,-0.00206350144879165,-0.00234067416869647,-0.00250727679419305,-0.00258199760337111,-0.00258193912495642,-0.00252255083287626,-0.00241706989863269,-0.00227772585520185,-0.00211459462148574,-0.00193640955784503,-0.00175011710144582,-0.00156186845888704,-0.00137625002655836,-0.0011969266975177,-0.00102640382070127,-0.000866696951941803,-0.00071889243110403,-0.000583539296502635,-0.000460715581749138,-0.000350008357711755,-0.000250821154496066,-0.000162228597436771,-8.31590236430403e-05,-1.24115505088905e-05,5.12508106444838e-05,0.00010908640269631,0.000162323165528314,0.00021208700650834,0.000259438154327534,0.000305259575343987,0.000350277562033174,0.000394960161958529
-0.00523413553865999,2.006089858818e-05,0.00527783959943968,0.0105421707716199,0.0158131403849167,0.0210807275793411,0.0263283744094293,0.031522248892751,0.036612963227436,0.0415227008383724,0.0461586149263665,0.0503929359192529,0.0540707064001853,0.0569918489774211,0.0589347113562816,0.059628900732273,0.0588800641513415,0.0569125616203747,0.0540143194206156,0.0504504526271752,0.0464378967291102,0.0421638456598806,0.0377763036926677,0.0334059470693568,0.0291496097331016,0.0250844172195981,0.0212629844309888,0.0177276436998853,0.0145014235629289,0.0115963822106913,0.00901505444726345,0.00675023746549576,0.00479113043924724,0.00312055166100793,0.00171853074846596,0.000562587107987074,-0.000370521468406155,-0.0011046970165739,-0.00166361879571692,-0.00206994859138115,-0.00234571505505388,-0.00251117340175193,-0.00258508912305465,-0.00258462609357341,-0.00252472810122351,-0.00241930641181835,-0.00228003211816104,-0.00211714940335891,-0.00193897243346102,-0.0017529473372294,-0.00156479064596925,-0.00137918454729352,-0.00119949051793158,-0.00102850689199197,-0.00086794876281744,-0.000718892649899271,-0.000581847582871462,-0.000456716508122336,-0.000343170506254418,-0.000240455004949022,-0.000147614862531844,-6.35004560255499e-05,1.31005666793832e-05,8.34687310482549e-05,0.000148876680852075,0.000210515169107107,0.000269514894752727,0.000326832666823468,0.000383262365871097,0.000439320139971272
-0.00834323612478072,-0.00333343909111629,0.00168245114213694,0.00671185817203064,0.0117615827078839,0.0168317149802691,0.0219174506667264,0.0270003488339359,0.032049016220864,0.0370076035824715,0.0418070902238664,0.04634740381322,0.0505038561390419,0.0541101358936338,0.0569797616415298,0.0588800641513415,0.0595416850057199,0.058771493797452,0.056782090735848,0.0538767666796972,0.0503081273113076,0.0462970554716874,0.0420219137656309,0.0376420627792178,0.0332793079458433,0.0290332437647454,0.0249754325952835,0.0211655627304033,0.0176407066977748,0.0144248182385201,0.0115302922300866,0.00895738398146618,0.00670174647901405,0.00475064569126901,0.00308743651467702,0.00169160029048834,0.000541288612391231,-0.000387033705257166,-0.00111721660059466,-0.0016726871378647,-0.00207646809555342,-0.0023501800437172,-0.00251411662630571,-0.00258708035841925,-0.00258570829214415,-0.00252560387065454,-0.00242008742658573,-0.00228098863353468,-0.00211808478916407,-0.0019402195953589,-0.00175435196379196,-0.00156629584549753,-0.00138038195198869,-0.00120030278379123,-0.0010285070898533,-0.000866697374130651,-0.0007159048842598,-0.000576428919061786,-0.000448283422545121,-0.000330948482277611,-0.00022364180015486,-0.000125310923818524,-3.48093202804414e-05,4.91340723216118e-05,0.00012781072117499,0.000202457669365654,0.000274260653363493,0.000344240759406813,0.000413253073295522,0.000481858715996738
-0.0106222311868999,-0.00592357716061528,-0.00121697437509229,0.00350837060525443,0.00826444171789801,0.0130593709956802,0.0178978161116828,0.0227740098368367,0.0276716104390489,0.0325535305238399,0.0373713265100845,0.042049286870734,0.0464894216081351,0.0505570114047735,0.0540970505472162,0.0569125616203747,0.058771493797452,0.0593577317316532,0.0586090764647157,0.0566098286592818,0.0536982600046847,0.0501319893686684,0.0461189546297113,0.041853029332664,0.0374826256851877,0.0331325302148962,0.0288959766298365,0.0248525644358471,0.0210558650906665,0.0175440050269762,0.0143413408783999,0.0114574380209074,0.00889613651579245,0.00665062444097557,0.00470888886990366,0.00305345138740282,0.00166483228237687,0.000520630570436063,-0.00040253195870617,-0.00112836559638431,-0.00168047385041059,-0.00208156205114213,-0.002353250087477,-0.00251584757197779,-0.00258762908374742,-0.00258586391965904,-0.00252555019489754,-0.00242015853651675,-0.00228101327996641,-0.00211845007733166,-0.00194078004379827,-0.00175506402676639,-0.00156671919079086,-0.00138044903832636,-0.0011995485198222,-0.00102645326288562,-0.000862817285306744,-0.000709426438040651,-0.000566722590613591,-0.000434493913558307,-0.000312196502503551,-0.000198929522142802,-9.36615922453471e-05,4.83002269452584e-06,9.78232153617688e-05,0.000186577330381621,0.000272312807110871,0.000356101706059022,0.000438851017017007,0.0005211619289147
-0.0121864057272862,-0.00784532981982302,-0.00349501520758682,0.000877759495220022,0.00528882103272729,0.00975250789229117,0.0142808963046871,0.0188784361509924,0.0235411332406827,0.0282477211570274,0.0329672338604886,0.0376451209081064,0.0422074431376517,0.0465462271403148,0.0505366660592597,0.0540143194206156,0.056782090735848,0.0586090764647157,0.0592138086272452,0.058405520456993,0.0563994143346694,0.0534894841073649,0.0499218337514519,0.0459207617812652,0.0416661196768272,0.0373106691051541,0.0329719569009515,0.028752334258261,0.0247244346572435,0.0209430213783397,0.0174467170010336,0.014256458971995,0.0113862199059292,0.008836791628757,0.00660230058996818,0.00466957297730763,0.00302265094156248,0.00164119478649498,0.00050308685160567,-0.000415057535684939,-0.00113689150365704,-0.00168582630657087,-0.00208452098324541,-0.00235458811859296,-0.00251582679082223,-0.00258709506117826,-0.00258505986277545,-0.00252485837079256,-0.00241942552867052,-0.00228066703392074,-0.0021183472805524,-0.00194088450864041,-0.00175489969545646,-0.00156622623193397,-0.00137912318344938,-0.00119687347409131,-0.00102186277929866,-0.00085546309433516,-0.000698638955058617,-0.000551570020539658,-0.000414026216116834,-0.000285322213641893,-0.000164600266583185,-5.07331603224954e-05,5.75033700100837e-05,0.000161360454302432,0.000262066947028757,0.000360727934477847,0.000458289329024653,0.000555385204654712
-0.0131467995290364,-0.00919130477634375,-0.00522576040232937,-0.00123532161082331,0.002798526495348,0.00689472577476026,0.0110709723298234,0.0153397400806485,0.0197069543354546,0.0241644174448094,0.0286958000517676,0.0332646523188878,0.0378176565165431,0.0422713270326148,0.0465270971648921,0.0504504526271752,0.0538767666796972,0.0566098286592818,0.058405520456993,0.0589969314070259,0.0581811170210512,0.0561765782287974,0.0532662642693417,0.0497101790458049,0.0457210921522067,0.0414824290044096,0.0371389049831367,0.0328183780849632,0.0286153055587345,0.0246037222998675,0.0208390124600783,0.0173557546849784,0.0141802081255579,0.0113226600118754,0.00878508812841409,0.00656008039506505,0.00463653988555163,0.00299728385424297,0.00162239971445793,0.000489573527728218,-0.000424239181126852,-0.00114266937926864,-0.00168903425513502,-0.00208596445032518,-0.00235460581690026,-0.00251527031766691,-0.00258624112860987,-0.0025843122080563,-0.00252406771300112,-0.00241904096933894,-0.00228053856444162,-0.00211843908403004,-0.00194068257962162,-0.00175435131873911,-0.00156479038686861,-0.00137625018619991,-0.00119196456754173,-0.00101400030613791,-0.000843948816167067,-0.000682474695206007,-0.00052974721950651,-0.000385370249946905,-0.000248727704752895,-0.000118843900506929,5.40358259670591e-06,0.000125220111911386,0.000241810226963682,0.000356289014572468,0.000469624282692755,0.000582473286832617
-0.0136039816877719,-0.0100475386951956,-0.00648063552715918,-0.00288748239332642,0.000752141963522308,0.00446039938514288,0.00825904367484744,0.0121666408868861,0.0161968691639898,0.0203521186151641,0.0246280846989942,0.0290035676032377,0.0334428989217704,0.0378840211207175,0.0422515431835768,0.0464378967291102,0.0503081273113076,0.0536982600046847,0.0563994143346694,0.0581811170210512,0.0587647400378841,0.05795056858583,0.0559455554895056,0.0530472633756726,0.0495035794685065,0.0455311263575653,0.0413045413457317,0.0369799935720583,0.0326765908549739,0.0284904002454146,0.0244962234667898,0.020744739045887,0.0172768454631667,0.0141144269623207,0.0112692351981043,0.00874128160110896,0.00652586925999041,0.0046102543580905,0.00297784876935878,0.00160831080491303,0.000480010395385323,-0.000430289530402612,-0.00114607006989085,-0.00169059581246383,-0.00208610014473332,-0.00235414029461469,-0.0025145053878225,-0.00258558824749626,-0.00258362497625773,-0.00252380356932239,-0.00241904135627838,-0.00228076561757324,-0.00211834310641779,-0.00194021918793248,-0.00175294732754054,-0.00156186888266961,-0.00137118807038288,-0.001183783020472,-0.00100198494602616,-0.000827046772625332,-0.00065963297118532,-0.000499720681243383,-0.000347013825792094,-0.000200754059172094,-5.99782463708692e-05,7.64275622292826e-05,0.000209603364201712,0.000340645199683587,0.000470520891895293,0.000599898113131708
-0.0136507342452532,-0.0104946097158875,-0.0073279421069705,-0.00413455773072887,-0.000893348985125883,0.00241989123559135,0.00582963794681951,0.00935887113808778,0.0130271178248656,0.016845135605736,0.0208182861129411,0.0249379954397753,0.0291834718203673,0.0335111354042455,0.037865803481259,0.0421638456598806,0.0462970554716874,0.0501319893686684,0.0534894841073649,0.0561765782287974,0.05795056858583,0.0584883110473103,0.0577216232257389,0.0557286530617294,0.0528426460770137,0.0493166705812834,0.0453546722909057,0.0411471164522601,0.0368395229328999,0.0325528351848714,0.0283840608362146,0.0244025912800097,0.0206665155098097,0.0172116152830953,0.0140615480288196,0.0112256197831152,0.0087072790896172,0.00649969960730317,0.00459092369375539,0.00296365300521129,0.00159863872809355,0.00047379264813568,-0.000433908992055266,-0.00114786806672061,-0.00169105226154126,-0.00208596967033082,-0.00235373656729255,-0.00251422865842015,-0.00258529224538658,-0.00258375850701509,-0.00252419702835386,-0.00241965170282298,-0.00228101129595151,-0.00211818954788226,-0.00193906796713672,-0.00175020313365059,-0.00155689558918492,-0.00136295811444301,-0.00117158241392159,-0.000984722680199418,-0.000803644647229215,-0.000628793466055409,-0.000460282078507451,-0.000297645656518595,-0.000140147675520436,1.31799216198465e-05,0.000163364155031384,0.000311446290458849,0.000458366861272527,0.000604787742549444
-0.01336821541903,-0.0106044653572447,-0.00783035319231122,-0.00502977864415069,-0.0021814233775257,0.000739979791368559,0.00376049738559197,0.00690608249840747,0.0102004577756212,0.0136607847813038,0.017299989534017,0.0211197427706182,0.0251115651307674,0.0292476234084354,0.0334900764952817,0.0377763036926677,0.0420219137656309,0.0461189546297113,0.0499218337514519,0.0532662642693417,0.0559455554895056,0.0577216232257389,0.0583067704539963,0.0575040042027977,0.0555233336421447,0.0526540799904558,0.0491382299119273,0.0451965871743963,0.0410060217543184,0.0367151871445923,0.0324461300540855,0.0282897351091994,0.0243239321485583,0.0206008989841319,0.0171585283712037,0.0140174989600699,0.0111913605490537,0.00868088937599879,0.00648026484280702,0.00457649007903597,0.00295384411756845,0.00159230417197613,0.000470072648362207,-0.000435759933891569,-0.0011484286861593,-0.00169099332750414,-0.00208563239174381,-0.00235351404704679,-0.00251399407047354,-0.00258548322982183,-0.00258420625480763,-0.00252486086520303,-0.00241993238278749,-0.00228089162402786,-0.00211705915709381,-0.00193632697320449,-0.00174521781251446,-0.00154860646100839,-0.00135067140646222,-0.00115418939484523,-0.000961143045524905,-0.000772550849662859,-0.000589034657180606,-0.000410510334686948,-0.000236545993198571,-6.6383720096963e-05,0.000100832897956703,0.000266046988959399,0.000430138220062681,0.000593742420029683
-0.0128320374597805,-0.0104448079719868,-0.00804760174967737,-0.00562475199018116,-0.00315526936262931,-0.000613632031682943,0.00202688531601032,0.00479399626411961,0.0077142083631902,0.0108093779500809,0.0140981471856905,0.0175902975828661,0.021287345930737,0.0251746217930709,0.0292289729398896,0.0334059470693568,0.0376420627792178,0.041853029332664,0.0459207617812652,0.0497101790458049,0.0530472633756726,0.0557286530617294,0.0575040042027977,0.0581002119841023,0.0573091447476411,0.0553446444507301,0.0524855327167807,0.0489883375556047,0.0450628433927434,0.0408881958038772,0.0366143457308096,0.0323564996467294,0.0282152439531267,0.0242618034122399,0.020550822572394,0.0171166348997247,0.0139850541745042,0.0111663538412316,0.00866256204234532,0.00646643535671821,0.00456711469245588,0.00294772975192763,0.00158863480951633,0.000468184965539678,-0.000436532455487994,-0.00114861553947366,-0.0016909454704312,-0.00208570988053851,-0.00235360699823566,-0.00251450456312183,-0.00258624071732961,-0.00258516813847221,-0.00252541798360418,-0.00242008617067419,-0.00228003142895509,-0.00211459454605876,-0.00193164404003657,-0.00173724651711547,-0.00153669779804944,-0.00133372598489756,-0.00113115521235261,-0.000930693029611846,-0.000733580890611661,-0.000540213703061903,-0.000350553224137185,-0.000164126099320386,1.96862447288053e-05,0.000201677380243106,0.000382625880819114,0.000563116976759473
-0.0121060183461423,-0.0100740317028562,-0.00803260773431509,-0.00596679011609017,-0.00385634110528816,-0.00167613192821736,0.000600463078683118,0.00300191120566467,0.00555631679589832,0.00828876086327609,0.0112219977770374,0.014372033023909,0.0177483000950456,0.0213469421606386,0.0251570325666896,0.0291496097331016,0.0332793079458433,0.0374826256851877,0.0416661196768272,0.0457210921522067,0.0495035794685065,0.0528426460770137,0.0555233336421447,0.0573091447476411,0.057916390069893,0.0571408175309508,0.0551853341817946,0.052344129091255,0.0488621691351741,0.0449516923697898,0.0407933315923311,0.0365294753053125,0.0322862241410565,0.0281566301164802,0.0242147624896736,0.020511078526544,0.0170860162328288,0.0139614502609394,0.0111491799866151,0.00864937287212213,0.00645756698304546,0.00456131941241382,0.00294423765600496,0.00158687572569629,0.000467376058872078,-0.000436750875972415,-0.00114861574855463,-0.00169105213434987,-0.00208585101715144,-0.00235413991250302,-0.00251527034186132,-0.00258720261576653,-0.00258572725046077,-0.00252560298675179,-0.00241930609808262,-0.00227772615581471,-0.0021101933045479,-0.00192409419995955,-0.00172597334355343,-0.00152064423217226,-0.00131190453972723,-0.00110227617490719,-0.000893741224195622,-0.000687283267004573,-0.000483358106127261,-0.000281862191720363,-8.24923786624855e-05,0.000115335059750805,0.000312249966609412,0.000508757572226996
-0.0112464005852026,-0.00954436334896427,-0.00783353777571996,-0.006099881201182,-0.0043242252920793,-0.00248233941341363,-0.000548297494759362,0.00150630413159909,0.00371018534946741,0.00609040818576249,0.00867246830100857,0.0114769496879454,0.0145193639980036,0.0178045471365716,0.0213315526520071,0.0250844172195981,0.0290332437647454,0.0331325302148962,0.0373106691051541,0.0414824290044096,0.0455311263575653,0.0493166705812834,0.0526540799904558,0.0553446444507301,0.0571408175309508,0.0577151451160607,0.0569954841873396,0.0550568425023744,0.0522296420541865,0.0487614375661343,0.0448658827842513,0.0407162273250223,0.0364660646583913,0.0322334310825422,0.0281146226476713,0.0241788413462486,0.0204837072552875,0.0170649987503691,0.0139464186581543,0.0111374129112546,0.00864165955635438,0.0064526159666385,0.00455843153430182,0.00294296848873371,0.00158631343093026,0.000467379623892233,-0.000436572856396067,-0.00114853639249703,-0.00169105015183318,-0.00208621794173853,-0.0023547358237428,-0.00251606633414753,-0.00258762880471297,-0.00258584451583839,-0.00252486056953762,-0.00241719642546845,-0.0022737473553742,-0.00210334315206205,-0.00191390604166292,-0.00171147201115354,-0.00150095004382777,-0.00128581030137252,-0.00106890614624665,-0.000851930523488369,-0.000635945102876637,-0.000421312506223138,-0.000208133331916715,3.89666650254219e-06,0.000215203091995748,0.000426176576583985
-0.0102991445688161,-0.00889945043345281,-0.00749169008478903,-0.00606287660301639,-0.00459514135832884,-0.00306553574830937,-0.00144929750376626,0.00028126112499126,0.00215467697084176,0.00419895409095192,0.00644117165315188,0.00890507372577935,0.0116106439809796,0.0145695196836091,0.0177887162998326,0.0212629844309888,0.0249754325952835,0.0288959766298365,0.0329719569009515,0.0371389049831367,0.0413045413457317,0.0453546722909057,0.0491382299119273,0.0524855327167807,0.0551853341817946,0.0569954841873396,0.0576246004989057,0.0568726966604531,0.0549471372048854,0.0521328096027777,0.0486791883852259,0.0447912905561391,0.0406546754014241,0.0364146408793277,0.0321925529872781,0.0280791435835226,0.0241518705376256,0.0204629154587522,0.0170502142548276,0.0139345661406342,0.0111297429905212,0.00863678286492012,0.00644986667498433,0.00455746570114358,0.00294267506156137,0.00158677197047096,0.000468134879735741,-0.000435766461007976,-0.0011477605782686,-0.00169053896497674,-0.00208588724271657,-0.00235459054835512,-0.00251560817409071,-0.00258697231275926,-0.00258451675490869,-0.00252244315286595,-0.0024132945294614,-0.0022674549706824,-0.00209434513283511,-0.00190135916770752,-0.0016946573245972,-0.00147879810059892,-0.00125764448023974,-0.00103372953088307,-0.000808843517244315,-0.00058392272470489,-0.000359570729894322,-0.000135842209499625,8.74202990482628e-05,0.00031045260973065
-0.00930565742122203,-0.00817908810060637,-0.00704521493906294,-0.00589219342399138,-0.00470360513247339,-0.00345805595874861,-0.00213228632907143,-0.000699823048755364,0.0008670602804689,0.00259646469945256,0.00451609821424566,0.00665166559673833,0.00902624242117847,0.0116566055894533,0.0145559406905148,0.0177276436998853,0.0211655627304033,0.0248525644358471,0.028752334258261,0.0328183780849632,0.0369799935720583,0.0411471164522601,0.0451965871743963,0.0489883375556047,0.052344129091255,0.0550568425023744,0.0568726966604531,0.0575158368303451,0.0567756734905853,0.0548616936676801,0.0520607793548181,0.0486129412275861,0.0447374042434626,0.0406098233854193,0.0363795080807034,0.0321615518234692,0.0280560716207257,0.0241343041428885,0.020450935491827,0.0170403980119547,0.0139287192396076,0.0111264090020628,0.00863537504205147,0.00645019650381114,0.00455822464628113,0.00294423712855014,0.00158863489605919,0.000470113759187261,-0.000433862086464301,-0.00114606926147119,-0.00168903356028442,-0.00208460110380717,-0.00235311702146397,-0.00251411488959582,-0.00258508797356513,-0.00258193862355857,-0.00251891501058828,-0.00240805121306474,-0.00226037552199917,-0.0020847720986485,-0.00188879264212323,-0.00167822887153653,-0.00145809830383147,-0.00123191427309493,-0.00100232885046467,-0.000770970457729893,-0.000539055764492851,-0.000307087743758724,-7.52495346838831e-05,0.000156493861193673
-0.00829811876340502,-0.00741512161185102,-0.00652559757784961,-0.00561888741390866,-0.00468010957960189,-0.00368960594869103,-0.00262585525742249,-0.00146396840297773,-0.000177510839783929,0.00126103975212753,0.0028792449360226,0.00470376933125696,0.00675960962388745,0.00906723986610565,0.0116444463977977,0.0145014235629289,0.0176407066977748,0.0210558650906665,0.0247244346572435,0.0286153055587345,0.0326765908549739,0.0368395229328999,0.0410060217543184,0.0450628433927434,0.0488621691351741,0.0522296420541865,0.0549471372048854,0.0567756734905853,0.0574293081859725,0.056699502248704,0.0547978394943904,0.0520013366273923,0.0485650437709546,0.044697627966351,0.0405791257839824,0.0363518532599237,0.0321414496223919,0.02804098714546,0.0241245756821231,0.0204427476865798,0.0170361462527016,0.0139268541456042,0.0111264124621365,0.00863721530407114,0.00645231573935652,0.00456131999226726,0.00294773077241807,0.00159239625943074,0.000473798290885726,-0.000430288933361263,-0.00114266896921499,-0.00168588757616648,-0.00208144017891114,-0.00235017895837286,-0.00251117291382816,-0.00258199774725445,-0.00257862831759988,-0.00251482015382878,-0.0024032989235044,-0.00225456057872318,-0.00207768349667032,-0.0018798384881789,-0.00166734584665805,-0.00144484660204718,-0.00121599685229546,-0.000983245854800034,-0.000748543891954142,-0.000512941520590648,-0.000277043662417892,-4.10681256254037e-05
-0.00730290561411217,-0.00663428830440663,-0.00595991454952671,-0.00527031681211553,-0.00455218353531183,-0.00378769645164283,-0.00295721949600924,-0.00203770468397815,-0.00100436217230219,0.000169227590233249,0.0015098663752073,0.00304436003937904,0.00479865015688573,0.00679567413051925,0.00905646322954237,0.0115963822106913,0.0144248182385201,0.0175440050269762,0.0209430213783397,0.0246037222998675,0.0284904002454146,0.0325528351848714,0.0367151871445923,0.0408881958038772,0.0449516923697898,0.0487614375661343,0.0521328096027777,0.0548616936676801,0.056699502248704,0.0573622980589226,0.0566437680602383,0.0547451966353959,0.0519594086402055,0.0485303593439733,0.0446714113108875,0.0405549083709873,0.0363348600075473,0.0321290331031205,0.0280337548231736,0.0241182888351132,0.0204404339137503,0.0170361495685936,0.0139287261245866,0.0111302909824064,0.00864125047955199,0.00645756860866131,0.0045671166480215,0.00295399737301872,0.00159859242524584,0.000480010752033039,-0.000424239046090507,-0.00113692721926669,-0.00168036938735908,-0.00207646767759578,-0.00234571521891251,-0.00250727754669581,-0.00257883262784473,-0.00257589681852761,-0.00251295624906285,-0.00240222456989864,-0.00225443215961902,-0.00207827196398075,-0.00188151532316158,-0.00167008334672376,-0.00144878561978577,-0.00122103006131948,-0.00098963066194266,-0.00075629440519504,-0.000522137750327735,-0.000287689302816513
-0.00634100030933229,-0.00585851379854039,-0.0053710178934952,-0.00487021372167477,-0.00434434889328526,-0.00377748401258545,-0.00315194030984923,-0.00244667152176127,-0.00163877384843661,-0.000703320610349272,0.000385261046939679,0.00165326479325085,0.00312677950706647,0.0048301679240001,0.00678655284991407,0.00901505444726345,0.0115302922300866,0.0143413408783999,0.0174467170010336,0.0208390124600783,0.0244962234667898,0.0283840608362146,0.0324461300540855,0.0366143457308096,0.0407933315923311,0.0448658827842513,0.0486791883852259,0.0520607793548181,0.0547978394943904,0.0566437680602383,0.0572692526993613,0.0566007209437189,0.0547119340932677,0.0519324128688008,0.0485121440086684,0.0446529252234044,0.0405431548885515,0.0363270810766413,0.0321260990058066,0.0280310243288541,0.0241194503137169,0.0204437255321488,0.0170412080789948,0.0139358871559835,0.0111373846353123,0.00864975916286195,0.00646671561575243,0.00457690172616491,0.00296365197328976,0.00160835601267119,0.000489566385031211,-0.000415108528833148,-0.00112836640579255,-0.00167279171844947,-0.00207007033536227,-0.00234080696013249,-0.00250430400624335,-0.00257783738966329,-0.00257768221928215,-0.00251785336324626,-0.00241084299398497,-0.00226700197624921,-0.0020956970922798,-0.00190428401598657,-0.00169888027937349,-0.00148399792427294,-0.00126345313813326,-0.00103972710233439,-0.000814545788592919,-0.000588812468773323
-0.00542719645318036,-0.00510409325850487,-0.00477669234815765,-0.00443781900859724,-0.00407723658019728,-0.0036808738252232,-0.00323302326782702,-0.0027147241642799,-0.0021051097154924,-0.00138102482922345,-0.000518473378559551,0.000507814908073393,0.00172343498471796,0.00315331286333347,0.00482169369141165,0.00675023746549576,0.00895738398146618,0.0114574380209074,0.014256458971995,0.0173557546849784,0.020744739045887,0.0244025912800097,0.0282897351091994,0.0323564996467294,0.0365294753053125,0.0407162273250223,0.0447912905561391,0.0486129412275861,0.0520013366273923,0.0547451966353959,0.0566007209437189,0.0572752912168221,0.0565677924707244,0.0546848036718637,0.0519127787643071,0.0484917308747783,0.0446405147155915,0.0405348164152039,0.0363239876657411,0.0321231181851744,0.028032505646957,0.0241234987225255,0.0204500221076881,0.0170502534646046,0.013945100606831,0.0111486649243822,0.00866215771525471,0.00648026358414752,0.00459051070099077,0.00297769555094223,0.00162230799816219,0.000503086213982724,-0.000402483593489701,-0.00111718225669243,-0.001663558941783,-0.00206342258156792,-0.00233755045531495,-0.00250492218052425,-0.00258358274939718,-0.00258939834416618,-0.0025367074735998,-0.00243763954134692,-0.002303290209629,-0.00214260087642962,-0.00196315205292659,-0.00177070983961624,-0.00157023688030726,-0.00136511364032289,-0.00115778072949645,-0.00094958531571191
-0.00457375595184877,-0.00438498266483091,-0.00419257798245265,-0.00399042869723744,-0.00376974251490851,-0.00351826227984328,-0.00322221476954992,-0.00286474015828262,-0.00242707836779328,-0.00188802317618453,-0.00122539189231288,-0.000415317142908386,0.000566806804654088,0.00174577341832639,0.00314615594466732,0.00479113043924724,0.00670174647901405,0.00889613651579245,0.0113862199059292,0.0141802081255579,0.0172768454631667,0.0206665155098097,0.0243239321485583,0.0282152439531267,0.0322862241410565,0.0364660646583913,0.0406546754014241,0.0447374042434626,0.0485650437709546,0.0519594086402055,0.0547119340932677,0.0565677924707244,0.0572501215620142,0.0565476593237798,0.054671619153987,0.0518990434912037,0.0484846468355248,0.0446371313144086,0.0405365780032808,0.0363252707935786,0.032129022994853,0.0280409841249124,0.0241343085044362,0.0204638761503636,0.0170641564164759,0.0139614489367527,0.0111663546522461,0.00868129270869901,0.00649942003764905,0.00461025351394149,0.0029972837715461,0.00164128686821464,0.000520635719967261,-0.000387033442083421,-0.00110469685431691,-0.00165504014550809,-0.00206008714553162,-0.0023404037072162,-0.00251573137946976,-0.00260379861190841,-0.00262084443198501,-0.00258087798909536,-0.00249684245401508,-0.0023794097451784,-0.00223777642238849,-0.0020791151748084,-0.00190968353767666,-0.00173389261499751,-0.00155500919799977,-0.00137489855296929
-0.00378797879428138,-0.00371049096347595,-0.00362998664047139,-0.00354133986793251,-0.00343711274468569,-0.00330677753107578,-0.0031384214143135,-0.00291724961477463,-0.00262661606164863,-0.00224736002910067,-0.00175925934973044,-0.00114011984156827,-0.000366697049586802,0.000585118455148635,0.00173958753217666,0.00312055166100793,0.00475064569126901,0.00665062444097557,0.008836791628757,0.0113226600118754,0.0141144269623207,0.0172116152830953,0.0206008989841319,0.0242618034122399,0.0281566301164802,0.0322334310825422,0.0364146408793277,0.0406098233854193,0.044697627966351,0.0485303593439733,0.0519324128688008,0.0546848036718637,0.0565476593237798,0.0572344762404393,0.0565386273469502,0.0546614468533306,0.0518954578238139,0.0484846554130004,0.0446424498006404,0.0405411236655875,0.0363348548927325,0.0321414518255653,0.0280560815160406,0.0241529967802914,0.0204826917438407,0.0170860173700507,0.0139850574146036,0.0111918742926806,0.00870689422867764,0.00652586893924757,0.00463654032811174,0.00302280575898757,0.00166478390343361,0.000541288443575689,-0.000370521670413282,-0.00109377006933499,-0.00165140243665793,-0.00206537571015008,-0.00235698517154248,-0.00254577996207837,-0.00264991137454628,-0.0026853399097429,-0.00266695075905979,-0.0026072773182091,-0.00251727697866908,-0.00240567935003381,-0.00228018535327953,-0.00214637156523165,-0.00200844691379842,-0.00186887283788639
-0.00307448116048749,-0.0030873519498008,-0.00309776580513297,-0.00310150174918051,-0.00309237285755948,-0.00306147275257125,-0.00299864647979876,-0.00289108707896239,-0.00272421837763851,-0.00248095360070824,-0.00214310163819051,-0.00169031665533776,-0.00110097880549828,-0.000352084511331149,0.000579813445002855,0.00171853074846596,0.00308743651467702,0.00470888886990366,0.00660230058996818,0.00878508812841409,0.0112692351981043,0.0140615480288196,0.0171585283712037,0.020550822572394,0.0242147624896736,0.0281146226476713,0.0321925529872781,0.0363795080807034,0.0405791257839824,0.0446714113108875,0.0485121440086684,0.0519127787643071,0.054671619153987,0.0565386273469502,0.0571842121177507,0.0565349376786955,0.0546642332213357,0.0519016859182854,0.0484973338669316,0.0446528842473893,0.040556898774723,0.036353630226832,0.0321631200282637,0.0280817930477272,0.0241787838609518,0.0205120449887707,0.0171174348753473,0.0140187775260143,0.0112256187812318,0.00874166649882441,0.00656036126089039,0.00466999184730328,0.00305345073182978,0.0016916496152169,0.00056258448759198,-0.000356743034511704,-0.00108976640745553,-0.00165954868052,-0.00208871489567123,-0.00239853031950258,-0.00260901823956182,-0.00273812424794945,-0.00280273831712187,-0.00281736614314871,-0.00279485702245115,-0.00274564138949332,-0.00267900841539354,-0.00260183586339455,-0.00251939324023085,-0.00243481900451813
-0.00243472289639538,-0.00251919927855908,-0.00260172152666896,-0.00267888763705289,-0.00274565101594821,-0.0027946040179433,-0.00281722826805435,-0.00280259845970083,-0.00273812680225118,-0.00260877689023204,-0.00239839969708247,-0.00208859650517462,-0.00165954635441721,-0.00108966411798208,-0.000356698873570281,0.000562587107987074,0.00169160029048834,0.00305345138740282,0.00466957297730763,0.00656008039506505,0.00874128160110896,0.0112256197831152,0.0140174989600699,0.0171166348997247,0.020511078526544,0.0241788413462486,0.0280791435835226,0.0321615518234692,0.0363518532599237,0.0405549083709873,0.0446529252234044,0.0484917308747783,0.0518990434912037,0.0546614468533306,0.0565349376786955,0.0572269854356651,0.0565362499900597,0.0546693583165289,0.0519128205800934,0.0485065302027388,0.0446695008165954,0.0405773858817404,0.036377947831891,0.0321926246360038,0.0281119726939867,0.0242136942678009,0.0205499120650466,0.0171585276310003,0.0140602638080629,0.0112687164000636,0.00878467859277496,0.00660230090778542,0.00470846376901262,0.00308727595300106,0.00171843190906887,0.000579766619061961,-0.000352077437548708,-0.00110087516160719,-0.00169025732049578,-0.00214302031576572,-0.00248095091511299,-0.00272396135934571,-0.00289096403670568,-0.00299851633126157,-0.00306146690334152,-0.00309207657092525,-0.00310135699185459,-0.00309761861974844,-0.00308730861695767,-0.00307432382081904
-0.00186888213972538,-0.00200838373481474,-0.00214637684792241,-0.00228019046262379,-0.00240580301067195,-0.00251717206649158,-0.00260728003447332,-0.00266695345193242,-0.00268548000336642,-0.00264980507420258,-0.00254578072458678,-0.00235698609036639,-0.00206549318376634,-0.00165134811309997,-0.00109376987087104,-0.000370521468406155,0.000541288612391231,0.00166483228237687,0.00302265094156248,0.00463653988555163,0.00652586925999041,0.0087072790896172,0.0111913605490537,0.0139850541745042,0.0170860162328288,0.0204837072552875,0.0241518705376256,0.0280560716207257,0.0321414496223919,0.0363348600075473,0.0405431548885515,0.0446405147155915,0.0484846468355248,0.0518954578238139,0.0546642332213357,0.0565362499900597,0.0572344602427178,0.0565476543192729,0.0546871071775527,0.0519297125977433,0.0485303396829167,0.0446976196798265,0.0406098270396343,0.0364162830442834,0.0322317939573499,0.0281566242152523,0.0242618023500358,0.0206018102266027,0.0172108093229597,0.0141144221656908,0.0113226578512164,0.0088372036881781,0.00665033504614807,0.00475064296603101,0.00312055019894795,0.00173958738853084,0.000585175807662939,-0.000366658344014347,-0.00114011822120853,-0.00175925723406347,-0.00224744065420403,-0.00262646936377974,-0.00291724372007527,-0.00313841475936334,-0.00330690903811776,-0.00343692864898437,-0.00354132749229339,-0.00362997314649679,-0.00371060394626456,-0.00378795566886837
-0.00137490490740003,-0.00155495994010281,-0.00173389639547413,-0.00190968738617001,-0.00207922100552434,-0.00223768237981548,-0.00237941209517305,-0.00249684495367716,-0.00258101117002371,-0.0026207378576977,-0.00260379963477304,-0.00251573264848086,-0.00234053346112146,-0.00206001156756534,-0.00165504019470048,-0.0011046970165739,-0.000387033705257166,0.000520630570436063,0.00164119478649498,0.00299728385424297,0.0046102543580905,0.00649969960730317,0.00868088937599879,0.0111663538412316,0.0139614502609394,0.0170649987503691,0.0204629154587522,0.0241343041428885,0.02804098714546,0.0321290331031205,0.0363270810766413,0.0405348164152039,0.0446371313144086,0.0484846554130004,0.0519016859182854,0.0546693583165289,0.0565476543192729,0.057250127452949,0.0565702180250688,0.0547090835063384,0.0519593968708508,0.0485650435691234,0.0447374161863621,0.0406564997187403,0.0364642085961895,0.0322862228602878,0.0282152474931264,0.0243250037886679,0.0206655402580218,0.0172768424101146,0.0141802077310319,0.0113867457200057,0.00889573819902964,0.00670174370104724,0.00479112908112098,0.00314615614224706,0.00174588691449381,0.000566800568965142,-0.000415315723936378,-0.00122538982011662,-0.00188808564482193,-0.00242693836036761,-0.0028647338359431,-0.00322220738643871,-0.00351840060921791,-0.00376953882599761,-0.00399041424023662,-0.00419256198084817,-0.00438511613529759,-0.0045737279398735
-0.000949635988789175,-0.00115779867394999,-0.00136517922835208,-0.0015703107379931,-0.00177087790552817,-0.0019631551480136,-0.00214269597583749,-0.00230339151715927,-0.00243786785166441,-0.00253670997469574,-0.00258950734771468,-0.00258369039743597,-0.00250515988499594,-0.00233755198652818,-0.00206350144879165,-0.00166361879571692,-0.00111721660059466,-0.00040253195870617,0.00050308685160567,0.00162239971445793,0.00297784876935878,0.00459092369375539,0.00648026484280702,0.00866256204234532,0.0111491799866151,0.0139464186581543,0.0170502142548276,0.020450935491827,0.0241245756821231,0.0280337548231736,0.0321260990058066,0.0363239876657411,0.0405365780032808,0.0446424498006404,0.0484973338669316,0.0519128205800934,0.0546871071775527,0.0565702180250688,0.0572326580602845,0.0566007197080244,0.0547480437549307,0.0520040472699822,0.0486154681439888,0.044795295048527,0.0407162267138198,0.0365313323919078,0.0323581406324287,0.0282924004066627,0.0244026476788731,0.0207457648778578,0.0173566088222063,0.0142578060874541,0.0114574659382095,0.00895780627147817,0.00675055036356545,0.00482191202599596,0.003153628489131,0.00172343685903177,0.000507821014778222,-0.000518516154454884,-0.00138114872755494,-0.0021051025899142,-0.00271486634816018,-0.00323318791055684,-0.00368120971813961,-0.00407722499243354,-0.00443802905326771,-0.00477691520297091,-0.00510450438428947,-0.0054274329912735
-0.00058879310809823,-0.000814485639454092,-0.00103968223601908,-0.00126339617366334,-0.00148400059535252,-0.00169872435140071,-0.00190419066517799,-0.00209559300398247,-0.00226700042634438,-0.00241061754976275,-0.00251772204478651,-0.0025775461730355,-0.00257783611137435,-0.00250406453884563,-0.00234067416869647,-0.00206994859138115,-0.0016726871378647,-0.00112836559638431,-0.000415057535684939,0.000489573527728218,0.00160831080491303,0.00296365300521129,0.00457649007903597,0.00646643535671821,0.00864937287212213,0.0111374129112546,0.0139345661406342,0.0170403980119547,0.0204427476865798,0.0241182888351132,0.0280310243288541,0.0321231181851744,0.0363252707935786,0.0405411236655875,0.0446528842473893,0.0485065302027388,0.0519297125977433,0.0547090835063384,0.0566007197080244,0.0573118615720487,0.0566413071194152,0.0547954944621072,0.0520585238556065,0.0486791870064152,0.0448618696260242,0.0407914977783616,0.0366126911581095,0.0324460560559189,0.0283813810155536,0.0244950777329946,0.0208380308279473,0.0174466766964834,0.0143399804649448,0.0115297223542347,0.00901460158374621,0.0067862051047896,0.00483017026436925,0.00312647069069578,0.00165315828248625,0.000385216571661579,-0.00070331957689726,-0.00163861295979053,-0.00244657139289983,-0.00315180269765605,-0.00377746741553333,-0.00434391934384077,-0.00486997705102692,-0.0053707523210579,-0.00585842223492399,-0.00634066604985322
-0.00028768873867565,-0.000522119603276126,-0.000756294018877036,-0.000989630660307202,-0.00122108879896852,-0.00144872182022513,-0.0016700833470219,-0.00188151568216301,-0.00207837480220659,-0.00225433614659171,-0.00240222431581519,-0.00251295639314726,-0.00257603251321727,-0.00257872486566831,-0.00250727679419305,-0.00234571505505388,-0.00207646809555342,-0.00168047385041059,-0.00113689150365704,-0.000424239181126852,0.000480010395385323,0.00159863872809355,0.00295384411756845,0.00456711469245588,0.00645756698304546,0.00864165955635438,0.0111297429905212,0.0139287192396076,0.0170361462527016,0.0204404339137503,0.0241194503137169,0.028032505646957,0.032129022994853,0.0363348548927325,0.040556898774723,0.0446695008165954,0.0485303396829167,0.0519593968708508,0.0547480437549307,0.0566413071194152,0.0573622670467559,0.0566994857611079,0.0548616919945087,0.0521350656118027,0.0487589015757385,0.0449516770739328,0.0408881888177851,0.0367167609233849,0.0325512470274717,0.0284903868891612,0.0246037146095611,0.0209439575031398,0.0175431707462767,0.0144248084750828,0.0115963764217622,0.00905646160238048,0.00679602416674855,0.00479843537821981,0.00304436078069128,0.00150986926036357,0.000169264535221128,-0.00100427904134092,-0.00203769443265497,-0.00295720661417653,-0.00378783449598732,-0.00455192582790157,-0.00527029117201081,-0.00595988547973558,-0.00663448519319569,-0.00730285549529254
-4.10661431119656e-05,-0.000277033119058747,-0.000512940439078645,-0.000748543315581114,-0.000983292224471325,-0.00121594272513953,-0.0014448465531421,-0.001667346249759,-0.00187993090984299,-0.00207759456092495,-0.00225456074457494,-0.00240329954132177,-0.00251495198706463,-0.00257851905939099,-0.00258199760337111,-0.00251117340175193,-0.0023501800437172,-0.00208156205114213,-0.00168582630657087,-0.00114266937926864,-0.000430289530402612,0.00047379264813568,0.00159230417197613,0.00294772975192763,0.00456131941241382,0.0064526159666385,0.00863678286492012,0.0111264090020628,0.0139268541456042,0.0170361495685936,0.0204437255321488,0.0241234987225255,0.0280409841249124,0.0321414518255653,0.036353630226832,0.0405773858817404,0.0446976196798265,0.0485650435691234,0.0520040472699822,0.0547954944621072,0.0566994857611079,0.0574293065053117,0.0567756866014562,0.0549494863980176,0.0522269185690204,0.0488621657448048,0.0450628480664283,0.0410077793767851,0.036837721588826,0.0326765847470601,0.0286153047942402,0.0247255396170905,0.0210548580176672,0.0176406999971053,0.0145014207828346,0.0116444478551646,0.00906769728777712,0.00675929899844231,0.00470377109968381,0.00287924885944221,0.00126112783118323,-0.000177463803607215,-0.00146395743582422,-0.00262584138595557,-0.00368973649749303,-0.00467984124901237,-0.00561885956785062,-0.00652556581544658,-0.00741534263452992,-0.00829806304825625
0.000156496928239157,-7.52453114294102e-05,-0.000307086162007307,-0.000539054786511787,-0.000771005953937579,-0.00100228375604545,-0.00123191427160795,-0.00145809883184136,-0.00167831096648928,-0.00188871152663704,-0.00208477273057207,-0.00226037664764716,-0.00240817707487852,-0.00251880723881202,-0.00258193912495642,-0.00258508912305465,-0.00251411662630571,-0.002353250087477,-0.00208452098324541,-0.00168903425513502,-0.00114607006989085,-0.000433908992055266,0.000470072648362207,0.00158863480951633,0.00294423765600496,0.00455843153430182,0.00644986667498433,0.00863537504205147,0.0111264124621365,0.0139287261245866,0.0170412080789948,0.0204500221076881,0.0241343085044362,0.0280560815160406,0.0321631200282637,0.036377947831891,0.0406098270396343,0.0447374161863621,0.0486154681439888,0.0520585238556065,0.0548616919945087,0.0567756866014562,0.0575158644042016,0.0568751654907309,0.0550539785798,0.0523441369919715,0.0489883532836536,0.0451985198775495,0.0411450968450569,0.0369799942859475,0.032818383897293,0.0287536172009746,0.0248513681465023,0.0211655587720486,0.0177276437192042,0.0145559451354415,0.011657183924043,0.00902581995056155,0.00665166828061708,0.00451610314007144,0.00259661440312837,0.000867060603863493,-0.000699811370166713,-0.00213227140221749,-0.00345817295954121,-0.00470333095323102,-0.00589216318635485,-0.00704518022276228,-0.00817933241002804,-0.00930559567705079
0.000310465293481419,8.74186826087577e-05,-0.000135850497487585,-0.000359589227153806,-0.000583978054706135,-0.000808845527194645,-0.00103377792559329,-0.00125770284312274,-0.00147893700620622,-0.00169466009532084,-0.00190144426672373,-0.00209443832326182,-0.00226767139559047,-0.00241329378018652,-0.00252255083287626,-0.00258462609357341,-0.00258708035841925,-0.00251584757197779,-0.00235458811859296,-0.00208596445032518,-0.00169059581246383,-0.00114786806672061,-0.000435759933891569,0.000468184965539678,0.00158687572569629,0.00294296848873371,0.00455746570114358,0.00645019650381114,0.00863721530407114,0.0111302909824064,0.0139358871559835,0.0170502534646046,0.0204638761503636,0.0241529967802914,0.0280817930477272,0.0321926246360038,0.0364162830442834,0.0406564997187403,0.044795295048527,0.0486791870064152,0.0521350656118027,0.0549494863980176,0.0568751654907309,0.0575820186135663,0.0569954837684671,0.0551882037544754,0.0524882556667886,0.0491439012594695,0.0453547127898042,0.0413066044490196,0.0371407495843576,0.0329750185110185,0.0288959771674736,0.0249766304603548,0.0212639974776295,0.0177895588967848,0.0145709068200136,0.0116106206816787,0.00890547208813808,0.0064414523557104,0.00419934325211672,0.0021546869701201,0.000281252636106953,-0.00144938419155078,-0.00306581073804632,-0.00459511783969251,-0.00606316263131918,-0.00749203750082081,-0.00890016707385632,-0.0102995922475723
0.000426156096894435,0.000215184327622786,3.89621699382546e-06,-0.000208123309262439,-0.0004213105593085,-0.000635884544527115,-0.000851888023596705,-0.00106885272655156,-0.00128580688058123,-0.00150080798108838,-0.00171138470290259,-0.00191380822515748,-0.00210334248786659,-0.0022735289519806,-0.00241706989863269,-0.00252472810122351,-0.00258570829214415,-0.00258762908374742,-0.00251582679082223,-0.00235460581690026,-0.00208610014473332,-0.00169105226154126,-0.0011484286861593,-0.000436532455487994,0.000467376058872078,0.00158631343093026,0.00294267506156137,0.00455822464628113,0.00645231573935652,0.00864125047955199,0.0111373846353123,0.013945100606831,0.0170641564164759,0.0204826917438407,0.0241787838609518,0.0281119726939867,0.0322317939573499,0.0364642085961895,0.0407162267138198,0.0448618696260242,0.0487589015757385,0.0522269185690204,0.0550539785798,0.0569954837684671,0.0577577320562622,0.0571383623567331,0.0553423072070435,0.0526540371982281,0.0493109912729613,0.0455291461292387,0.0414806197115622,0.0373106715902527,0.0331294567565805,0.0290319444123169,0.0250832925402453,0.0213305960074499,0.0178045948579086,0.0145179987850551,0.0114764198402405,0.00867206559242048,0.00609042179751081,0.00370986727944849,0.00150622853808224,-0.000548276197490868,-0.00248231478119786,-0.00432378427681358,-0.00609958978457089,-0.00783316163233874,-0.00954423519096979,-0.0112458355439812
0.000508762233082975,0.000312241929978763,0.000115337666316112,-8.24903135865172e-05,-0.000281872479956971,-0.000483334471469986,-0.000687282380992893,-0.000893740780283902,-0.00110232791490674,-0.00131184618562299,-0.00152064405357135,-0.00172597355123895,-0.00192419219020171,-0.00211009909764896,-0.00227772585520185,-0.00241930641181835,-0.00252560387065454,-0.00258586391965904,-0.00258709506117826,-0.00251527031766691,-0.00235414029461469,-0.00208596967033082,-0.00169099332750414,-0.00114861553947366,-0.000436750875972415,0.000467379623892233,0.00158677197047096,0.00294423712855014,0.00456131999226726,0.00645756860866131,0.00864975916286195,0.0111486649243822,0.0139614489367527,0.0170860173700507,0.0205120449887707,0.0242136942678009,0.0281566242152523,0.0322862228602878,0.0365313323919078,0.0407914977783616,0.0449516770739328,0.0488621657448048,0.0523441369919715,0.0551882037544754,0.0571383623567331,0.0579163789911091,0.0573091442885579,0.055525631006952,0.0528399575667535,0.0495035641825196,0.0457210854452694,0.0416679341955038,0.0374807602243246,0.0332792911472878,0.0291496008790113,0.0251570322436147,0.0213479520419393,0.017747431922905,0.0143720317936465,0.0112220014389514,0.008289164644397,0.00555609910101826,0.00300192539877377,0.000600483223953055,-0.0016761570639009,-0.00385608897383882,-0.00596674696938634,-0.00803255700472654,-0.0100743241031659,-0.0121059290296416
0.00056312190157127,0.00038261561139106,0.00020168012296035,1.9688435956678e-05,-0.000164130568256004,-0.000350535351883128,-0.000540212826714056,-0.000733580467184627,-0.000930736258830083,-0.00113110458158183,-0.00133372599777644,-0.00153669820571486,-0.00173733474854992,-0.00193155728987423,-0.00211459462148574,-0.00228003211816104,-0.00242008742658573,-0.00252555019489754,-0.00258505986277545,-0.00258624112860987,-0.0025145053878225,-0.00235373656729255,-0.00208563239174381,-0.0016909454704312,-0.00114861574855463,-0.000436572856396067,0.000468134879735741,0.00158863489605919,0.00294773077241807,0.0045671166480215,0.00646671561575243,0.00866215771525471,0.0111663546522461,0.0139850574146036,0.0171174348753473,0.0205499120650466,0.0242618023500358,0.0282152474931264,0.0323581406324287,0.0366126911581095,0.0408881888177851,0.0450628480664283,0.0489883532836536,0.0524882556667886,0.0553423072070435,0.0573091442885579,0.0581002221976457,0.0575064232895333,0.0557258149141481,0.0530472561427316,0.0497101803683103,0.045922757029923,0.0418509357704485,0.0376420502959787,0.0334059428026125,0.0292289775745006,0.0251758046206909,0.0212862995763404,0.017590298430415,0.0140981530601058,0.0108098943015548,0.00771388913549869,0.00479401152187311,0.00202690687424163,-0.000613607088099103,-0.00315504661354041,-0.0056247067322924,-0.00804754834103963,-0.0104451106897008,-0.0128319429412395
0.000593771020365862,0.000430142995594452,0.000266059373208062,0.000100837690750985,-6.63880127544039e-05,-0.00023654493558001,-0.000410528673857241,-0.000589060996772295,-0.000772620768467499,-0.000961142096946952,-0.00115423996607064,-0.00135073049037414,-0.00154875153101072,-0.001745213572245,-0.00193640955784503,-0.00211714940335891,-0.00228098863353468,-0.00242015853651675,-0.00252485837079256,-0.0025843122080563,-0.00258558824749626,-0.00251422865842015,-0.00235351404704679,-0.00208570988053851,-0.00169105213434987,-0.00114853639249703,-0.000435766461007976,0.000470113759187261,0.00159239625943074,0.00295399737301872,0.00457690172616491,0.00648026358414752,0.00868129270869901,0.0111918742926806,0.0140187775260143,0.0171585276310003,0.0206018102266027,0.0243250037886679,0.0282924004066627,0.0324460560559189,0.0367167609233849,0.0410077793767851,0.0451985198775495,0.0491439012594695,0.0526540371982281,0.055525631006952,0.0575064232895333,0.0582640972762319,0.057721624290519,0.0559483973247915,0.0532689661141009,0.0499275743733027,0.0461189158730559,0.0420239678430879,0.0377781429953476,0.0334917033743877,0.0292503935672965,0.0251115159198671,0.0211207368480165,0.0173007989714395,0.0136620489608295,0.0102004722689023,0.00690639015719664,0.00376065906864222,0.000740060034984462,-0.00218139171366092,-0.00503001657689795,-0.0078307169193818,-0.0106053241757671,-0.0133688016509279
0.000604760852987341,0.000458329399618657,0.000311431614150999,0.00016335624227399,1.31812487649953e-05,-0.000140134262423285,-0.000297632207391932,-0.000460260982268484,-0.000628792758866373,-0.000803570231757537,-0.000984675887288477,-0.00117152648930545,-0.00136296053265111,-0.00155674839437348,-0.00175011710144582,-0.00193897243346102,-0.00211808478916407,-0.00228101327996641,-0.00241942552867052,-0.00252406771300112,-0.00258362497625773,-0.00258529224538658,-0.00251399407047354,-0.00235360699823566,-0.00208585101715144,-0.00169105015183318,-0.0011477605782686,-0.000433862086464301,0.000473798290885726,0.00159859242524584,0.00296365197328976,0.00459051070099077,0.00649942003764905,0.00870689422867764,0.0112256187812318,0.0140602638080629,0.0172108093229597,0.0206655402580218,0.0244026476788731,0.0283813810155536,0.0325512470274717,0.036837721588826,0.0411450968450569,0.0453547127898042,0.0493109912729613,0.0528399575667535,0.0557258149141481,0.057721624290519,0.0585309658001056,0.0579481226172181,0.0561742446533085,0.0534895328573186,0.0501262292209112,0.0462950663276846,0.0421620296640873,0.0378641724733674,0.0335112217923239,0.0291807328544722,0.0249368936470192,0.0208173644682505,0.0168451551931551,0.0130259457771583,0.00935844768456331,0.00582937429927153,0.00241991531620081,-0.00089322383326259,-0.00413436347888908,-0.00732759924353254,-0.0104944871086193,-0.0136500704409427
0.000599902605062624,0.000470507361058826,0.000340647725972693,0.00020960548670529,7.64346117911387e-05,-5.99731339822819e-05,-0.00020075303765187,-0.000347013114648402,-0.000499742386164513,-0.000659602150855638,-0.000827046421208129,-0.0010019848393672,-0.00118384167254752,-0.00137112435060322,-0.00156186845888704,-0.0017529473372294,-0.0019402195953589,-0.00211845007733166,-0.00228066703392074,-0.00241904096933894,-0.00252380356932239,-0.00258375850701509,-0.00258548322982183,-0.00251450456312183,-0.00235413991250302,-0.00208621794173853,-0.00169053896497674,-0.00114606926147119,-0.000430288933361263,0.000480010752033039,0.00160835601267119,0.00297769555094223,0.00461025351394149,0.00652586893924757,0.00874166649882441,0.0112687164000636,0.0141144221656908,0.0172768424101146,0.0207457648778578,0.0244950777329946,0.0284903868891612,0.0326765847470601,0.0369799942859475,0.0413066044490196,0.0455291461292387,0.0495035641825196,0.0530472561427316,0.0559483973247915,0.0579481226172181,0.0587647145294889,0.0581811023297331,0.0564017980551172,0.0536954750550596,0.0503080972414228,0.0464378790041644,0.0422515387527144,0.0378857421035037,0.0334412126377693,0.0290035591991098,0.024628084661606,0.0203530428011428,0.0161961337174475,0.0121666529221584,0.00825906530762075,0.00446065322714451,0.00075218595340863,-0.00288743045759117,-0.00648057186643518,-0.0100478167068476,-0.0136038684181319
0.000582477629205698,0.000469610723655917,0.000356291462405635,0.000241812290287407,0.000125229369656055,5.4057033539703e-06,-0.000118842938415991,-0.000248727042209317,-0.000385386496718604,-0.000529722139027766,-0.000682474469076544,-0.000843948831400388,-0.00101405034903876,-0.00119190883595899,-0.00137625002655836,-0.00156479064596925,-0.00175435196379196,-0.00194078004379827,-0.0021183472805524,-0.00228053856444162,-0.00241904135627838,-0.00252419702835386,-0.00258420625480763,-0.00258624071732961,-0.00251527034186132,-0.0023547358237428,-0.00208588724271657,-0.00168903356028442,-0.00114266896921499,-0.000424239046090507,0.000489566385031211,0.00162230799816219,0.0029972837715461,0.00463654032811174,0.00656036126089039,0.00878467859277496,0.0113226578512164,0.0141802077310319,0.0173566088222063,0.0208380308279473,0.0246037146095611,0.0286153047942402,0.032818383897293,0.0371407495843576,0.0414806197115622,0.0457210854452694,0.0497101803683103,0.0532689661141009,0.0561742446533085,0.0581811023297331,0.0589969274013342,0.058408032330642,0.0566068873085815,0.053876744067473,0.0504504425204104,0.0465271005187312,0.0422732375569665,0.0378157448782664,0.0332646477615092,0.0286958037955413,0.0241655067417801,0.0197060472958011,0.0153397528614835,0.01107099471255,0.00689508704716252,0.00279847174658982,-0.0012352705806608,-0.0052256975274005,-0.00919155498798891,-0.013146687736521
0.000555413058156597,0.000458295448633413,0.000360745306234219,0.00026207955822727,0.000161377421637728,5.75045878775008e-05,-5.07355375281271e-05,-0.000164607968606726,-0.000285347371181122,-0.000414025580135744,-0.000551595212219382,-0.000698670784883921,-0.00085554364277856,-0.0010218603649047,-0.0011969266975177,-0.00137918454729352,-0.00156629584549753,-0.00175506402676639,-0.00194088450864041,-0.00211843908403004,-0.00228076561757324,-0.00241965170282298,-0.00252486086520303,-0.00258516813847221,-0.00258720261576653,-0.00251606633414753,-0.00235459054835512,-0.00208460110380717,-0.00168588757616648,-0.00113692721926669,-0.000415108528833148,0.000503086213982724,0.00164128686821464,0.00302280575898757,0.00466999184730328,0.00660230090778542,0.0088372036881781,0.0113867457200057,0.0142578060874541,0.0174466766964834,0.0209439575031398,0.0247255396170905,0.0287536172009746,0.0329750185110185,0.0373106715902527,0.0416679341955038,0.045922757029923,0.0499275743733027,0.0534895328573186,0.0564017980551172,0.058408032330642,0.059171368271597,0.0586090843031322,0.0567850329334306,0.054017124534775,0.0505392837428489,0.0465504152282191,0.0422074569320901,0.0376470302554142,0.0329689035762502,0.0282504044848312,0.0235412044900598,0.0188793745455341,0.0142816059300881,0.00975344666873243,0.00528886688713859,0.000877804063052728,-0.0034951837714968,-0.00784598988560138,-0.0121869742013206
0.000521139084605745,0.000438815519930192,0.000356085111801263,0.000272299906923373,0.000186578516495302,9.78146206810503e-05,4.82900717094115e-06,-9.36580796637413e-05,-0.000198928892723348,-0.000312167453605349,-0.000434474130309185,-0.000566696428736018,-0.000709427595884504,-0.000862735088439058,-0.00102640382070127,-0.00119949051793158,-0.00138038195198869,-0.00156671919079086,-0.00175489969545646,-0.00194068257962162,-0.00211834310641779,-0.00228101129595151,-0.00241993238278749,-0.00252541798360418,-0.00258572725046077,-0.00258762880471297,-0.00251560817409071,-0.00235311702146397,-0.00208144017891114,-0.00168036938735908,-0.00112836640579255,-0.000402483593489701,0.000520635719967261,0.00166478390343361,0.00305345073182978,0.00470846376901262,0.00665033504614807,0.00889573819902964,0.0114574659382095,0.0143399804649448,0.0175431707462767,0.0210548580176672,0.0248513681465023,0.0288959771674736,0.0331294567565805,0.0374807602243246,0.0418509357704485,0.0461189158730559,0.0501262292209112,0.0536954750550596,0.0566068873085815,0.0586090843031322,0.0594001515261343,0.0587689300056422,0.0569101146762437,0.0540946971379056,0.0505570263776751,0.0464852679109808,0.042047390847394,0.0373696333779437,0.0325534763516905,0.0276690106437797,0.0227729427658228,0.0178969706143878,0.0130593433810115,0.00826367146429648,0.00350818005717198,-0.00121694482390311,-0.00592354262329332,-0.0106217428103765
0.000481861911680608,0.000413240743590657,0.000344242541583967,0.000274262196254712,0.000202469901191077,0.000127806929527297,4.91348451477747e-05,-3.4808717735326e-05,-0.000125314820522478,-0.00022363017080453,-0.000330948158334517,-0.000448283210050378,-0.00057645637696578,-0.000715870009629412,-0.000866696951941803,-0.00102850689199197,-0.00120030278379123,-0.00138044903832636,-0.00156622623193397,-0.00175435131873911,-0.00194021918793248,-0.00211818954788226,-0.00228089162402786,-0.00242008617067419,-0.00252560298675179,-0.00258584451583839,-0.00258697231275926,-0.00251411488959582,-0.00235017895837286,-0.00207646767759578,-0.00167279171844947,-0.00111718225669243,-0.000387033442083421,0.000541288443575689,0.0016916496152169,0.00308727595300106,0.00475064296603101,0.00670174370104724,0.00895780627147817,0.0115297223542347,0.0144248084750828,0.0176406999971053,0.0211655587720486,0.0249766304603548,0.0290319444123169,0.0332792911472878,0.0376420502959787,0.0420239678430879,0.0462950663276846,0.0503080972414228,0.053876744067473,0.0567850329334306,0.0587689300056422,0.0595416411985584,0.0588800355092646,0.0569797488018119,0.0541124933528065,0.0505012443043339,0.046347381243794,0.0418070790751948,0.0370092137501974,0.0320474726130663,0.0270003456439,0.0219174598988208,0.0168324957483733,0.0117610762721191,0.00671189620008697,0.00168250359917883,-0.00333349847801722,-0.00834313911674833
0.000439323087043345,0.000383250951178046,0.000326834327164576,0.000269516338095719,0.000210527580202352,0.000148871808144254,8.34694464073266e-05,1.31011236093354e-05,-6.35015377747945e-05,-0.000147606711222694,-0.000240454763739994,-0.000343170376696637,-0.000456738045289403,-0.00058181893154141,-0.00071889243110403,-0.00086794876281744,-0.0010285070898533,-0.0011995485198222,-0.00137912318344938,-0.00156479038686861,-0.00175294732754054,-0.00193906796713672,-0.00211705915709381,-0.00228003142895509,-0.00241930609808262,-0.00252486056953762,-0.00258451675490869,-0.00258508797356513,-0.00251117291382816,-0.00234571521891251,-0.00207007033536227,-0.001663558941783,-0.00110469685431691,-0.000370521670413282,0.00056258448759198,0.00171843190906887,0.00312055019894795,0.00479112908112098,0.00675055036356545,0.00901460158374621,0.0115963764217622,0.0145014207828346,0.0177276437192042,0.0212639974776295,0.0250832925402453,0.0291496008790113,0.0334059428026125,0.0377781429953476,0.0421620296640873,0.0464378790041644,0.0504504425204104,0.054017124534775,0.0569101146762437,0.0588800355092646,0.0596288873419379,0.0589347134859292,0.0569943021215596,0.0540679017353382,0.0503929241576384,0.0461586137588041,0.0415245027436393,0.0366111907030655,0.0315222487193547,0.0263283853348532,0.0210816905085979,0.0158124294870675,0.0105422025929389,0.00527788427574925,2.01067357920295e-05,-0.00523405556435019
0.000394962869290245,0.00035026717157655,0.000305261119625173,0.000259439500477788,0.000212099284974665,0.00016231754617663,0.000109087058467996,5.12513162922055e-05,-1.24103546748977e-05,-8.31538662835677e-05,-0.000162228447258833,-0.000250821120405852,-0.00035002467515039,-0.000460692633424772,-0.000583539296502635,-0.000718892649899271,-0.000866697374130651,-0.00102645326288562,-0.00119687347409131,-0.00137625018619991,-0.00156186888266961,-0.00175020313365059,-0.00193632697320449,-0.00211459454605876,-0.00227772615581471,-0.00241719642546845,-0.00252244315286595,-0.00258193862355857,-0.00258199774725445,-0.00250727754669581,-0.00234080696013249,-0.00206342258156792,-0.00165504014550809,-0.00109377006933499,-0.000356743034511704,0.000579766619061961,0.00173958738853084,0.00314615614224706,0.00482191202599596,0.0067862051047896,0.00905646160238048,0.0116444478551646,0.0145559451354415,0.0177895588967848,0.0213305960074499,0.0251570322436147,0.0292289775745006,0.0334917033743877,0.0378641724733674,0.0422515387527144,0.0465271005187312,0.0505392837428489,0.0540946971379056,0.0569797488018119,0.0589347134859292,0.0596631457596444,0.0589448249554132,0.0569650924272306,0.0539999148886776,0.0502744787566583,0.0459821709806885,0.0412738868295266,0.036281682975284,0.031100695235043,0.0258046270811801,0.0204412616589447,0.0150477885851252,0.00964260430822193,0.0042351584542123,-0.00117223032742725
0.000349936815592011,0.000315462536595576,0.000280712700514755,0.000245235593140299,0.000208398181286008,0.000169358284992656,0.000127190619347537,8.08164681786652e-05,2.90822220363847e-05,-2.92287220095341e-05,-9.53434749839556e-05,-0.000170471527270001,-0.000255767401423408,-0.000352219751259383,-0.000460715581749138,-0.000581847582871462,-0.0007159048842598,-0.000862817285306744,-0.00102186277929866,-0.00119196456754173,-0.00137118807038288,-0.00155689558918492,-0.00174521781251446,-0.00193164404003657,-0.0021101933045479,-0.0022737473553742,-0.0024132945294614,-0.00251891501058828,-0.00257862831759988,-0.00257883262784473,-0.00250430400624335,-0.00233755045531495,-0.00206008714553162,-0.00165140243665793,-0.00108976640745553,-0.000352077437548708,0.000585175807662939,0.00174588691449381,0.003153628489131,0.00483017026436925,0.00679602416674855,0.00906769728777712,0.011657183924043,0.0145709068200136,0.0178045948579086,0.0213479520419393,0.0251758046206909,0.0292503935672965,0.0335112217923239,0.0378857421035037,0.0422732375569665,0.0465504152282191,0.0505570263776751,0.0541124933528065,0.0569943021215596,0.0589448249554132,0.0596223488294548,0.0589388584135753,0.0569527320273612,0.0539761027082723,0.0502402450980813,0.0459264913868642,0.041202094715376,0.0361890205894027,0.0309859664194912,0.0256613934726663,0.0202709423447504,0.0148469737068321,0.00940974480931348,0.0039680979103316
0.00030506486671003,0.000279712095752009,0.000254118566978245,0.000227886732735285,0.000200455424847667,0.000171068016995182,0.000138887716020937,0.000102924558265778,6.21067467020608e-05,1.52784306218432e-05,-3.87404680130258e-05,-0.000101149050064401,-0.00017312465418673,-0.000255742316108839,-0.000350008357711755,-0.000456716508122336,-0.000576428919061786,-0.000709426438040651,-0.00085546309433516,-0.00101400030613791,-0.001183783020472,-0.00136295811444301,-0.00154860646100839,-0.00173724651711547,-0.00192409419995955,-0.00210334315206205,-0.0022674549706824,-0.00240805121306474,-0.00251482015382878,-0.00257589681852761,-0.00257783738966329,-0.00250492218052425,-0.0023404037072162,-0.00206537571015008,-0.00165954868052,-0.00110087516160719,-0.000366658344014347,0.000566800568965142,0.00172343685903177,0.00312647069069578,0.00479843537821981,0.00675929899844231,0.00902581995056155,0.0116106206816787,0.0145179987850551,0.017747431922905,0.0212862995763404,0.0251115159198671,0.0291807328544722,0.0334412126377693,0.0378157448782664,0.0422074569320901,0.0464852679109808,0.0505012443043339,0.0540679017353382,0.0569650924272306,0.0589388584135753,0.0596844446234794,0.0589876598945688,0.0570399513631884,0.0541112117644701,0.0504228426983388,0.0461742085333812,0.0415198261602565,0.036586944377851,0.0314678779564972,0.0262399490124444,0.0209520773051694,0.0156375090541718,0.010313028581089
0.000261027372695889,0.000243765037891314,0.000226296195450455,0.000208277145296329,0.000189218953536335,0.000168453068280558,0.000145235068667685,0.000118671176782048,8.77820019244415e-05,5.1488770669742e-05,8.67777913040329e-06,-4.18133605517616e-05,-0.000101153068830489,-0.000170462096069067,-0.000250821154496066,-0.000343170506254418,-0.000448283422545121,-0.000566722590613591,-0.000698638955058617,-0.000843948816167067,-0.00100198494602616,-0.00117158241392159,-0.00135067140646222,-0.00153669779804944,-0.00172597334355343,-0.00191390604166292,-0.00209434513283511,-0.00226037552199917,-0.0024032989235044,-0.00251295624906285,-0.00257768221928215,-0.00258358274939718,-0.00251573137946976,-0.00235698517154248,-0.00208871489567123,-0.00169025732049578,-0.00114011822120853,-0.000415315723936378,0.000507821014778222,0.00165315828248625,0.00304436078069128,0.00470377109968381,0.00665166828061708,0.00890547208813808,0.0114764198402405,0.0143720317936465,0.017590298430415,0.0211207368480165,0.0249368936470192,0.0290035591991098,0.0332646477615092,0.0376470302554142,0.042047390847394,0.046347381243794,0.0503929241576384,0.0539999148886776,0.0569527320273612,0.0589876598945688,0.0598180411946422,0.0592207667523315,0.0573936869800613,0.0545981216125606,0.0510719604529906,0.0470047724007278,0.0425559479406478,0.0378451516843673,0.0329746256287145,0.028012695295958,0.0230079609197357,0.0179866976140894
0.000218227429753366,0.000208117323276429,0.000197834077746282,0.000187086895416499,0.000175458454246158,0.000162369194652546,0.000147169032293332,0.000129065167670195,0.000107178016929587,8.05181212931639e-05,4.80529674760487e-05,8.67772999320111e-06,-3.87415075890997e-05,-9.53376932558169e-05,-0.000162228597436771,-0.000240455004949022,-0.000330948482277611,-0.000434493913558307,-0.000551570020539658,-0.000682474695206007,-0.000827046772625332,-0.000984722680199418,-0.00115418939484523,-0.00133372598489756,-0.00152064423217226,-0.00171147201115354,-0.00190135916770752,-0.0020847720986485,-0.00225456057872318,-0.00240222456989864,-0.00251785336324626,-0.00258939834416618,-0.00260379861190841,-0.00254577996207837,-0.00239853031950258,-0.00214302031576572,-0.00175925723406347,-0.00122538982011662,-0.000518516154454884,0.000385216571661579,0.00150986926036357,0.00287924885944221,0.00451610314007144,0.0064414523557104,0.00867206559242048,0.0112220014389514,0.0140981530601058,0.0173007989714395,0.0208173644682505,0.024628084661606,0.0286958037955413,0.0329689035762502,0.0373696333779437,0.0418070790751948,0.0461586137588041,0.0502744787566583,0.0539761027082723,0.0570399513631884,0.0592207667523315,0.060224679128218,0.0598361184321683,0.0582447998982247,0.0557302786629445,0.0525205514937827,0.0488107350893226,0.0447513670928721,0.0404730116025889,0.0360663848284759,0.0315979619117754,0.0271051774353125
0.000176914772692842,0.000173121594881244,0.000169187553836501,0.000164873384642648,0.000159832050433376,0.000153572692157872,0.000145540047898248,0.000135044974845626,0.0001213124799202,0.000103451204455867,8.05207741456167e-05,5.14899870894107e-05,1.52795582578496e-05,-2.92286282897115e-05,-8.31590236430403e-05,-0.000147614862531844,-0.00022364180015486,-0.000312196502503551,-0.000414026216116834,-0.00052974721950651,-0.00065963297118532,-0.000803644647229215,-0.000961143045524905,-0.00113115521235261,-0.00131190453972723,-0.00150095004382777,-0.0016946573245972,-0.00188879264212323,-0.00207768349667032,-0.00225443215961902,-0.00241084299398497,-0.0025367074735998,-0.00262084443198501,-0.00264991137454628,-0.00260901823956182,-0.00248095091511299,-0.00224744065420403,-0.00188808564482193,-0.00138114872755494,-0.00070331957689726,0.000169264535221128,0.00126112783118323,0.00259661440312837,0.00419934325211672,0.00609042179751081,0.008289164644397,0.0108098943015548,0.0136620489608295,0.0168451551931551,0.0203530428011428,0.0241655067417801,0.0282504044848312,0.0325534763516905,0.0370092137501974,0.0415245027436393,0.0459821709806885,0.0502402450980813,0.0541112117644701,0.0573936869800613,0.0598361184321683,0.061105796040658,0.061123173071409,0.0599539489830015,0.0579161337015639,0.0552450337381256,0.0521223587743164,0.0487137085966836,0.0451341980186041,0.0414708116052358,0.0377739617147865
0.000137157427843022,0.000138956671803857,0.000140646168648065,0.000142036635096895,0.000142849637078223,0.000142681999766792,0.000141072835976897,0.000137437889216156,0.000131109664413732,0.000121301071274726,0.000107171827020286,8.77765627560033e-05,6.21062573645841e-05,2.90791368224395e-05,-1.24115505088905e-05,-6.35004560255499e-05,-0.000125310923818524,-0.000198929522142802,-0.000285322213641893,-0.000385370249946905,-0.000499720681243383,-0.000628793466055409,-0.000772550849662859,-0.000930693029611846,-0.00110227617490719,-0.00128581030137252,-0.00147879810059892,-0.00167822887153653,-0.0018798384881789,-0.00207827196398075,-0.00226700197624921,-0.00243763954134692,-0.00258087798909536,-0.0026853399097429,-0.00273812424794945,-0.00272396135934571,-0.00262646936377974,-0.00242693836036761,-0.0021051025899142,-0.00163861295979053,-0.00100427904134092,-0.000177463803607215,0.000867060603863493,0.0021546869701201,0.00370986727944849,0.00555609910101826,0.00771388913549869,0.0102004722689023,0.0130259457771583,0.0161961337174475,0.0197060472958011,0.0235412044900598,0.0276690106437797,0.0320474726130663,0.0366111907030655,0.0412738868295266,0.0459264913868642,0.0504228426983388,0.0545981216125606,0.0582447998982247,0.061123173071409,0.0629417107373129,0.0634981636724132,0.0629934899286543,0.0617043889806244,0.0598535551856644,0.0576385441974288,0.0552041687053726,0.0526606645211429,0.0500731721754912
9.89502472361844e-05,0.000105729923485658,0.000112429800336121,0.000118908942098338,0.000124955622641275,0.000130252812810337,0.000134432847526708,0.000137016420992972,0.000137444885046844,0.000135039334339409,0.000129064919642048,0.00011867088442051,0.000102930049847281,8.08134293015098e-05,5.12508106444838e-05,1.31005666793832e-05,-3.48093202804414e-05,-9.36615922453471e-05,-0.000164600266583185,-0.000248727704752895,-0.000347013825792094,-0.000460282078507451,-0.000589034657180606,-0.000733580890611661,-0.000893741224195622,-0.00106890614624665,-0.00125764448023974,-0.00145809830383147,-0.00166734584665805,-0.00188151532316158,-0.0020956970922798,-0.002303290209629,-0.00249684245401508,-0.00266695075905979,-0.00280273831712187,-0.00289096403670568,-0.00291724372007527,-0.0028647338359431,-0.00271486634816018,-0.00244657139289983,-0.00203769443265497,-0.00146395743582422,-0.000699811370166713,0.000281252636106953,0.00150622853808224,0.00300192539877377,0.00479401152187311,0.00690639015719664,0.00935844768456331,0.0121666529221584,0.0153397528614835,0.0188793745455341,0.0227729427658228,0.0270003456439,0.0315222487193547,0.036281682975284,0.041202094715376,0.0461742085333812,0.0510719604529906,0.0557302786629445,0.0599539489830015,0.0634981636724132,0.0660935726033824,0.0675308980509292,0.0680180861564556,0.0678188605765211,0.0671691614088179,0.0662455501295083,0.0651842443852344,0.0640670468662141
6.21618160071285e-05,7.34217000437405e-05,8.46306562348195e-05,9.56945531100832e-05,0.000106466519689893,0.00011671397853426,0.000126161047606038,0.000134432799266251,0.000141079824606799,0.000145533774393165,0.000147168716790366,0.000145234699392557,0.000138894805957684,0.000127185173257206,0.00010908640269631,8.34687310482549e-05,4.91340723216118e-05,4.83002269452584e-06,-5.07331603224954e-05,-0.000118843900506929,-0.000200754059172094,-0.000297645656518595,-0.000410510334686948,-0.000540213703061903,-0.000687283267004573,-0.000851930523488369,-0.00103372953088307,-0.00123191427309493,-0.00144484660204718,-0.00167008334672376,-0.00190428401598657,-0.00214260087642962,-0.0023794097451784,-0.0026072773182091,-0.00281736614314871,-0.00299851633126157,-0.00313841475936334,-0.00322220738643871,-0.00323318791055684,-0.00315180269765605,-0.00295720661417653,-0.00262584138595557,-0.00213227140221749,-0.00144938419155078,-0.000548276197490868,0.000600483223953055,0.00202690687424163,0.00376065906864222,0.00582937429927153,0.00825906530762075,0.01107099471255,0.0142816059300881,0.0178969706143878,0.0219174598988208,0.0263283853348532,0.031100695235043,0.0361890205894027,0.0415198261602565,0.0470047724007278,0.0525205514937827,0.0579161337015639,0.0629934899286543,0.0675308980509292,0.071253347746438,0.0739592029565294,0.0758419089857967,0.0771789513750195,0.0781815487494505,0.079014581839898,0.0797784015610378
2.66023142995464e-05,4.19499310502159e-05,5.72745546823148e-05,7.25274884489014e-05,8.762503079343e-05,0.000102417393824737,0.00011671897014407,0.000130258283874057,0.000142694931087473,0.000153572345428636,0.000162375572188413,0.000168459569854162,0.000171083494750964,0.00016935744152055,0.000162323165528314,0.000148876680852075,0.00012781072117499,9.78232153617688e-05,5.75033700100837e-05,5.40358259670591e-06,-5.99782463708692e-05,-0.000140147675520436,-0.000236545993198571,-0.000350553224137185,-0.000483358106127261,-0.000635945102876637,-0.000808843517244315,-0.00100232885046467,-0.00121599685229546,-0.00144878561978577,-0.00169888027937349,-0.00196315205292659,-0.00223777642238849,-0.00251727697866908,-0.00279485702245115,-0.00306146690334152,-0.00330690903811776,-0.00351840060921791,-0.00368120971813961,-0.00377746741553333,-0.00378783449598732,-0.00368973649749303,-0.00345817295954121,-0.00306581073804632,-0.00248231478119786,-0.0016761570639009,-0.000613607088099103,0.000740060034984462,0.00241991531620081,0.00446065322714451,0.00689508704716252,0.00975344666873243,0.0130593433810115,0.0168324957483733,0.0210816905085979,0.0258046270811801,0.0309859664194912,0.036586944377851,0.0425559479406478,0.0488107350893226,0.0552450337381256,0.0617043889806244,0.0680180861564556,0.0739592029565294,0.0792133837389292,0.0837063590856476,0.0875016792164797,0.090896323957151,0.0940871696036895,0.0971923149200667
-7.96601934550401e-06,1.11742905496821e-05,3.03187840274091e-05,4.94630773435702e-05,6.85852361975997e-05,8.7616819023929e-05,0.000106461138547375,0.000124949196740242,0.000142849103287857,0.000159816628431563,0.000175448951200597,0.000189208591299167,0.000200454681988367,0.000208377426018978,0.00021208700650834,0.000210515169107107,0.000202457669365654,0.000186577330381621,0.000161360454302432,0.000125220111911386,7.64275622292826e-05,1.31799216198465e-05,-6.6383720096963e-05,-0.000164126099320386,-0.000281862191720363,-0.000421312506223138,-0.00058392272470489,-0.000770970457729893,-0.000983245854800034,-0.00122103006131948,-0.00148399792427294,-0.00177070983961624,-0.0020791151748084,-0.00240567935003381,-0.00274564138949332,-0.00309207657092525,-0.00343692864898437,-0.00376953882599761,-0.00407722499243354,-0.00434391934384077,-0.00455192582790157,-0.00467984124901237,-0.00470333095323102,-0.00459511783969251,-0.00432378427681358,-0.00385608897383882,-0.00315504661354041,-0.00218139171366092,-0.00089322383326259,0.00075218595340863,0.00279847174658982,0.00528886688713859,0.00826367146429648,0.0117610762721191,0.0158124294870675,0.0204412616589447,0.0256613934726663,0.0314678779564972,0.0378451516843673,0.0447513670928721,0.0521223587743164,0.0598535551856644,0.0678188605765211,0.0758419089857967,0.0837063590856476,0.0911277704198526,0.0979016850283223,0.104203312170644,0.110262196724636,0.116221093198532
-4.17922013509295e-05,-1.9063022771665e-05,3.69694656298094e-06,2.65267823509975e-05,4.94652338141395e-05,7.25240435017155e-05,9.56943204122082e-05,0.000118908634919427,0.000142043002038578,0.000164865596915308,0.000187086197273753,0.000208276342422465,0.000227897444833264,0.000245223645494045,0.000259438154327534,0.000269514894752727,0.000274260653363493,0.000272312807110871,0.000262066947028757,0.000241810226963682,0.000209603364201712,0.000163364155031384,0.000100832897956703,1.96862447288053e-05,-8.24923786624855e-05,-0.000208133331916715,-0.000359570729894322,-0.000539055764492851,-0.000748543891954142,-0.00098963066194266,-0.00126345313813326,-0.00157023688030726,-0.00190968353767666,-0.00228018535327953,-0.00267900841539354,-0.00310135699185459,-0.00354132749229339,-0.00399041424023662,-0.00443802905326771,-0.00486997705102692,-0.00527029117201081,-0.00561885956785062,-0.00589216318635485,-0.00606316263131918,-0.00609958978457089,-0.00596674696938634,-0.0056247067322924,-0.00503001657689795,-0.00413436347888908,-0.00288743045759117,-0.0012352705806608,0.000877804063052728,0.00350818005717198,0.00671189620008697,0.0105422025929389,0.0150477885851252,0.0202709423447504,0.0262399490124444,0.0329746256287145,0.0404730116025889,0.0487137085966836,0.0576385441974288,0.0671691614088179,0.0771789513750195,0.0875016792164797,0.0979016850283223,0.108107412646564,0.117878654168833,0.127366368614237,0.136736891398311
-7.51240883722356e-05,-4.89347653597506e-05,-2.26884245417829e-05,3.69689510871381e-06,3.03198906195877e-05,5.72716810385861e-05,8.46303780303007e-05,0.00011242944053299,0.000140652284903639,0.000169179394265826,0.000197833289764449,0.000226295285281257,0.00025413035041096,0.000280698796643696,0.000305259575343987,0.000326832666823468,0.000344240759406813,0.000356101706059022,0.000360727934477847,0.000356289014572468,0.000340645199683587,0.000311446290458849,0.000266046988959399,0.000201677380243106,0.000115335059750805,3.89666650254219e-06,-0.000135842209499625,-0.000307087743758724,-0.000512941520590648,-0.00075629440519504,-0.00103972710233439,-0.00136511364032289,-0.00173389261499751,-0.00214637156523165,-0.00260183586339455,-0.00309761861974844,-0.00362997314649679,-0.00419256198084817,-0.00477691520297091,-0.0053707523210579,-0.00595988547973558,-0.00652556581544658,-0.00704518022276228,-0.00749203750082081,-0.00783316163233874,-0.00803255700472654,-0.00804754834103963,-0.0078307169193818,-0.00732759924353254,-0.00648057186643518,-0.0052256975274005,-0.0034951837714968,-0.00121694482390311,0.00168250359917883,0.00527788427574925,0.00964260430822193,0.0148469737068321,0.0209520773051694,0.028012695295958,0.0360663848284759,0.0451341980186041,0.0552041687053726,0.0662455501295083,0.0781815487494505,0.090896323957151,0.104203312170644,0.117878654168833,0.131610803399833,0.145130435295655,0.158514570519449
-0.000108183846759787,-7.86017197783708e-05,-4.89365576152126e-05,-1.90638328041707e-05,1.11746874641613e-05,4.19490372757128e-05,7.34238714220569e-05,0.000105733125935263,0.000138967291441993,0.000173119034211979,0.000208123615713054,0.000243772431465455,0.000279734583526162,0.000315457622898854,0.000350277562033174,0.000383262365871097,0.000413253073295522,0.000438851017017007,0.000458289329024653,0.000469624282692755,0.000470520891895293,0.000458366861272527,0.000430138220062681,0.000382625880819114,0.000312249966609412,0.000215203091995748,8.74202990482628e-05,-7.52495346838831e-05,-0.000277043662417892,-0.000522137750327735,-0.000814545788592919,-0.00115778072949645,-0.00155500919799977,-0.00200844691379842,-0.00251939324023085,-0.00308730861695767,-0.00371060394626456,-0.00438511613529759,-0.00510450438428947,-0.00585842223492399,-0.00663448519319569,-0.00741534263452992,-0.00817933241002804,-0.00890016707385632,-0.00954423519096979,-0.0100743241031659,-0.0104451106897008,-0.0106053241757671,-0.0104944871086193,-0.0100478167068476,-0.00919155498798891,-0.00784598988560138,-0.00592354262329332,-0.00333349847801722,2.01067357920295e-05,0.0042351584542123,0.00940974480931348,0.0156375090541718,0.0230079609197357,0.0315979619117754,0.0414708116052358,0.0526606645211429,0.0651842443852344,0.079014581839898,0.0940871696036895,0.110262196724636,0.127366368614237,0.145130435295655,0.163172409368853,0.181246697366404
-0.000141126785163815,-0.000108179896094373,-7.51240445747714e-05,-4.17922742856707e-05,-7.9669952259935e-06,2.66005394972972e-05,6.21613249742218e-05,9.89495885599672e-05,0.000137162742562684,0.00017690556525936,0.000218226036783929,0.000261025739450257,0.000305078123278351,0.000349918398417246,0.000394960161958529,0.000439320139971272,0.000481858715996738,0.0005211619289147,0.000555385204654712,0.000582473286832617,0.000599898113131708,0.000604787742549444,0.000593742420029683,0.000563116976759473,0.000508757572226996,0.000426176576583985,0.00031045260973065,0.000156493861193673,-4.10681256254037e-05,-0.000287689302816513,-0.000588812468773323,-0.00094958531571191,-0.00137489855296929,-0.00186887283788639,-0.00243481900451813,-0.00307432382081904,-0.00378795566886837,-0.0045737279398735,-0.0054274329912735,-0.00634066604985322,-0.00730285549529254,-0.00829806304825625,-0.00930559567705079,-0.0102995922475723,-0.0112458355439812,-0.0121059290296416,-0.0128319429412395,-0.0133688016509279,-0.0136500704409427,-0.0136038684181319,-0.013146687736521,-0.0121869742013206,-0.0106217428103765,-0.00834313911674833,-0.00523405556435019,-0.00117223032742725,0.0039680979103316,0.010313028581089,0.0179866976140894,0.0271051774353125,0.0377739617147865,0.0500731721754912,0.0640670468662141,0.0797784015610378,0.0971923149200667,0.116221093198532,0.136736891398311,0.158514570519449,0.181246697366404,0.20448966169277
